APPROX_EVENT_DAY,Frequency,EVENT_AGE,Frequency,ATC,Frequency,VNR,Frequency,Substance,Frequency,MedicineName,Frequency,PackageSize,Frequency,DDDPerPack,Frequency,Dosage,Frequency,DosageUnit,Frequency,MERGED_SOURCE,Frequency,OMOP_CONCEPT_ID,Frequency,NOMESCO,Frequency,OMOP_CONCEPT_NAME,Frequency,AdministrationRoute,Frequency
,503,,21660,L04AB02,50271,,152460,infliximab,50271,,152460,,152460,,152460,,120395,,139082,OTHER_DRUGS,66231,,131552,,127203,,131552,,114245
2021-04-27,82,52.53,21,L01FA01,19031,,,rituximab,19031,,,,,,,300.0,5589,mg,12985,HOSPITAL_MEDICATION,64737,3042299,5965,4AA12,5912,inFLIXimab [Mass/volume] in Serum or Plasma,5965,intravenous,21535
2022-05-24,74,44.22,20,L04AB04,15287,,,adalimumab,15287,,,,,,,1000.0,4325,mg/ml,179,RHEUMA,21492,1175556,4516,1XC02,4789,inFLIXimab Ab [Units/volume] in Serum by Immunoassay,4516,subcutaneous,15575
2021-05-31,73,37.83,19,L04AG05,10283,,,vedolizumab,10283,,,,,,,50.0,3663,mg/kg,135,,,44786774,3207,4AB02,4074,Adalimumab [Mass/volume] in Serum or Plasma,3207,peroral,1082
2021-10-26,71,46.999,19,L04AC07,8955,,,tocilizumab,8955,,,,,,,40.0,3044,mg/m2,25,,,36304052,2182,4AA23,3255,Adalimumab Ab [Units/volume] in Serum or Plasma,2182,intramuscular,19
2022-02-14,71,39.99,19,L04AB01,7790,,,etanercept,7790,,,,,,,500.0,1891,g,24,,,36305075,1537,4AC07,2028,Vedolizumab [Mass/volume] in Serum or Plasma by Immunoassay,1537,List truncated...,
2021-11-16,70,72.04,19,L04AG03,6065,,,natalizumab,6065,,,,,,,400.0,1802,syringe,10,,,1175553,1522,4AA33,1527,Vedolizumab and Vedolizumab Ab panel [Mass/volume] - Serum or Plasma,1522,,
2021-10-25,70,57.97,19,L04AA24,5512,,,abatacept,5512,,,,,,,200.0,1741,dose,7,,,36305790,854,4AA24,1282,Ustekinumab [Mass/volume] in Serum or Plasma by Immunoassay,854,,
2018-05-30,70,45.66,19,L04AB06,4938,,,golimumab,4938,,,,,,,100.0,881,List truncated...,,,,36304617,831,3DX05,969,Golimumab [Mass/volume] in Serum or Plasma by Immunoassay,831,,
2021-09-01,69,58.2,19,L01AA01,4701,,,cyclophosphamide,4701,,,,,,,125.0,776,,,,,42528615,275,1AA01,292,Etanercept [Mass/volume] in Serum or Plasma by Immunoassay,275,,
2021-02-27,69,45.849,18,L04AC05,3780,,,ustekinumab,3780,,,,,,,600.0,717,,,,,36031836,19,1XC17,209,Tocilizumab [Mass/volume] in Serum,19,,
2022-03-16,68,44.16,18,R03DX05,3758,,,omalizumab,3758,,,,,,,150.0,665,,,,,,,4AA26,186,,,,
2022-01-28,67,52.19,17,L01FF02,1897,,,pembrolizumab,1897,,,,,,,162.0,614,,,,,,,4AC05,143,,,,
2021-09-15,67,34.473,17,L04AB05,1787,,,certolizumab pegol,1787,,,,,,,450.0,364,,,,,,,1XC18,117,,,,
2021-04-29,67,40.94,17,L04AC10,1469,,,secukinumab,1469,,,,,,,750.0,346,,,,,,,4AA17,101,,,,
2021-05-18,66,30.24,17,L01FF01,1372,,,nivolumab,1372,,,,,,,120.0,343,,,,,,,4AC06,93,,,,
2022-04-23,66,36.97,17,R03DX09,986,,,mepolizumab,986,,,,,,,800.0,333,,,,,,,3DX08,90,,,,
2022-02-13,66,43.752,17,D11AH05,753,,,dupilumab,753,,,,,,,90.0,330,,,,,,,3DX09,59,,,,
2022-11-06,66,58.37,17,L04AC13,717,,,ixekizumab,717,,,,,,,480.0,327,,,,,,,4AB04,42,,,,
2023-02-22,65,32.39,17,L04AG04,612,,,belimumab,612,,,,,,,1400.0,240,,,,,,,4AB06,25,,,,
2021-05-03,65,36.42,17,R03DX10,409,,,benralizumab,409,,,,,,,10.0,236,,,,,,,4AG05,24,,,,
2021-10-12,65,34.69,17,L04AF01,384,,,tofacitinib,384,,,,,,,25.0,228,,,,,,,4AA51,17,,,,
2022-06-12,65,64.21,16,L04AC18,349,,,risankizumab,349,,,,,,,80.0,203,,,,,,,4AC18,15,,,,
2021-12-15,65,52.62,16,L04AC14,339,,,sarilumab,339,,,,,,,108.0,192,,,,,,,List truncated...,,,,,
2021-12-25,65,54.706,16,L04AF02,278,,,baricitinib,278,,,,,,,375.0,175,,,,,,,,,,,,
2023-01-03,65,60.04,16,L04AA32,209,,,apremilast,209,,,,,,,4.0,172,,,,,,,,,,,,
2021-06-28,65,65.53,16,R03DX08,172,,,reslizumab,172,,,,,,,520.0,169,,,,,,,,,,,,
2021-06-01,65,53.88,16,L04AF03,161,,,upadacitinib,161,,,,,,,250.0,167,,,,,,,,,,,,
2022-03-29,64,53.332,16,L04AC03,77,,,anakinra,77,,,,,,,640.0,148,,,,,,,,,,,,
2021-03-10,64,51.76,16,L04AC16,61,,,guselkumab,61,,,,,,,390.0,144,,,,,,,,,,,,
2022-12-31,64,48.79,16,L04AF04,19,,,filgotinib,19,,,,,,,700.0,131,,,,,,,,,,,,
2021-09-22,64,51.98,16,L04AG11,19,,,anifrolumab,19,,,,,,,225.0,126,,,,,,,,,,,,
2022-06-01,64,55.465,16,L04AC21,18,,,bimekizumab,18,,,,,,,30.0,126,,,,,,,,,,,,
2021-04-08,64,41.63,16,List truncated...,,,,List truncated...,,,,,,,,15.0,118,,,,,,,,,,,,
2021-02-19,64,39.046,16,,,,,,,,,,,,,560.0,108,,,,,,,,,,,,
2022-01-01,64,34.46,16,,,,,,,,,,,,,60.0,106,,,,,,,,,,,,
2022-01-21,64,56.44,16,,,,,,,,,,,,,8.0,95,,,,,,,,,,,,
2021-06-27,64,32.201,15,,,,,,,,,,,,,680.0,91,,,,,,,,,,,,
2018-10-15,64,52.68,15,,,,,,,,,,,,,0.0,81,,,,,,,,,,,,
2021-11-02,64,56.155,15,,,,,,,,,,,,,360.0,76,,,,,,,,,,,,
2022-05-31,63,54.4,15,,,,,,,,,,,,,350.0,70,,,,,,,,,,,,
2021-11-25,63,52.76,15,,,,,,,,,,,,,45.0,69,,,,,,,,,,,,
2022-10-18,63,52.82,15,,,,,,,,,,,,,2.0,58,,,,,,,,,,,,
2020-12-13,63,56.765,15,,,,,,,,,,,,,280.0,51,,,,,,,,,,,,
2021-10-20,63,57.581,15,,,,,,,,,,,,,720.0,48,,,,,,,,,,,,
2018-06-04,63,40.88,15,,,,,,,,,,,,,11.0,48,,,,,,,,,,,,
2021-12-17,63,40.71,15,,,,,,,,,,,,,580.0,47,,,,,,,,,,,,
2021-04-07,63,57.789,15,,,,,,,,,,,,,5.0,44,,,,,,,,,,,,
2023-01-12,63,39.61,15,,,,,,,,,,,,,160.0,43,,,,,,,,,,,,
2018-02-01,63,57.37,15,,,,,,,,,,,,,180.0,43,,,,,,,,,,,,
2021-06-24,63,43.81,15,,,,,,,,,,,,,1.0,42,,,,,,,,,,,,
2021-06-12,63,33.06,15,,,,,,,,,,,,,75.0,41,,,,,,,,,,,,
2021-11-21,62,39.3,15,,,,,,,,,,,,,630.0,38,,,,,,,,,,,,
2022-03-17,62,39.5,15,,,,,,,,,,,,,2000.0,37,,,,,,,,,,,,
2020-12-08,62,53.181,15,,,,,,,,,,,,,760.0,37,,,,,,,,,,,,
2018-11-04,62,41.94,15,,,,,,,,,,,,,420.0,35,,,,,,,,,,,,
2021-09-13,62,44.201,15,,,,,,,,,,,,,20.0,32,,,,,,,,,,,,
2021-09-14,62,35.032,15,,,,,,,,,,,,,240.0,25,,,,,,,,,,,,
2021-10-06,62,37.14,15,,,,,,,,,,,,,1040.0,23,,,,,,,,,,,,
2021-10-10,62,43.834,15,,,,,,,,,,,,,1100.0,21,,,,,,,,,,,,
2021-09-24,62,24.962,15,,,,,,,,,,,,,688.0,20,,,,,,,,,,,,
2022-07-15,62,31.489,15,,,,,,,,,,,,,175.0,17,,,,,,,,,,,,
2021-12-07,62,55.32,15,,,,,,,,,,,,,260.0,17,,,,,,,,,,,,
2021-04-04,62,53.08,15,,,,,,,,,,,,,780.0,16,,,,,,,,,,,,
2021-02-17,62,53.611,15,,,,,,,,,,,,,900.0,14,,,,,,,,,,,,
2018-09-25,62,33.789,15,,,,,,,,,,,,,330.0,12,,,,,,,,,,,,
2021-08-26,62,31.36,15,,,,,,,,,,,,,320.0,12,,,,,,,,,,,,
2022-07-04,61,62.477,15,,,,,,,,,,,,,1500.0,11,,,,,,,,,,,,
2022-05-08,61,32.948,15,,,,,,,,,,,,,3.0,10,,,,,,,,,,,,
2021-11-19,61,41.17,15,,,,,,,,,,,,,12.5,10,,,,,,,,,,,,
2022-01-26,61,51.24,15,,,,,,,,,,,,,550.0,8,,,,,,,,,,,,
2022-01-31,61,55.618,15,,,,,,,,,,,,,220.0,8,,,,,,,,,,,,
2020-02-06,61,44.138,15,,,,,,,,,,,,,540.0,8,,,,,,,,,,,,
2022-09-06,61,32.62,15,,,,,,,,,,,,,576.0,7,,,,,,,,,,,,
2022-09-09,61,44.39,15,,,,,,,,,,,,,370.0,6,,,,,,,,,,,,
2021-10-29,61,32.37,15,,,,,,,,,,,,,185.0,6,,,,,,,,,,,,
2021-09-11,61,42.64,15,,,,,,,,,,,,,270.0,5,,,,,,,,,,,,
2022-09-12,61,58.66,15,,,,,,,,,,,,,130.0,5,,,,,,,,,,,,
2020-11-29,61,46.75,15,,,,,,,,,,,,,912.0,5,,,,,,,,,,,,
2021-08-05,61,24.48,15,,,,,,,,,,,,,380.0,5,,,,,,,,,,,,
2021-08-11,61,25.89,14,,,,,,,,,,,,,275.0,5,,,,,,,,,,,,
2021-01-12,60,55.301,14,,,,,,,,,,,,,650.0,5,,,,,,,,,,,,
2020-08-11,60,61.921,14,,,,,,,,,,,,,740.0,5,,,,,,,,,,,,
2022-03-28,60,32.6,14,,,,,,,,,,,,,1710.0,5,,,,,,,,,,,,
2021-03-20,60,52.47,14,,,,,,,,,,,,,List truncated...,,,,,,,,,,,,,
2021-05-13,60,54.03,14,,,,,,,,,,,,,,,,,,,,,,,,,,
2021-10-19,60,38.315,14,,,,,,,,,,,,,,,,,,,,,,,,,,
2021-10-27,60,41.663,14,,,,,,,,,,,,,,,,,,,,,,,,,,
2021-09-16,60,59.44,14,,,,,,,,,,,,,,,,,,,,,,,,,,
2021-10-03,60,36.513,14,,,,,,,,,,,,,,,,,,,,,,,,,,
2018-04-20,60,51.051,14,,,,,,,,,,,,,,,,,,,,,,,,,,
2022-02-27,60,62.03,14,,,,,,,,,,,,,,,,,,,,,,,,,,
2018-09-12,60,46.917,14,,,,,,,,,,,,,,,,,,,,,,,,,,
2020-01-20,60,60.62,14,,,,,,,,,,,,,,,,,,,,,,,,,,
2022-11-20,60,37.129,14,,,,,,,,,,,,,,,,,,,,,,,,,,
2022-05-01,59,29.786,14,,,,,,,,,,,,,,,,,,,,,,,,,,
2022-05-19,59,15.85,14,,,,,,,,,,,,,,,,,,,,,,,,,,
2022-03-18,59,30.06,14,,,,,,,,,,,,,,,,,,,,,,,,,,
2021-03-23,59,34.632,14,,,,,,,,,,,,,,,,,,,,,,,,,,
2018-01-31,59,17.074,14,,,,,,,,,,,,,,,,,,,,,,,,,,
2021-07-13,59,41.841,14,,,,,,,,,,,,,,,,,,,,,,,,,,
2021-05-27,59,37.052,14,,,,,,,,,,,,,,,,,,,,,,,,,,
2021-10-09,59,34.711,14,,,,,,,,,,,,,,,,,,,,,,,,,,
2021-10-02,59,43.56,14,,,,,,,,,,,,,,,,,,,,,,,,,,
2021-09-23,59,52.398,14,,,,,,,,,,,,,,,,,,,,,,,,,,
2021-09-07,59,43.867,14,,,,,,,,,,,,,,,,,,,,,,,,,,
2021-02-14,59,29.372,14,,,,,,,,,,,,,,,,,,,,,,,,,,
2022-06-19,59,43.44,14,,,,,,,,,,,,,,,,,,,,,,,,,,
2021-12-01,59,26.591,14,,,,,,,,,,,,,,,,,,,,,,,,,,
2022-04-18,59,37.6,14,,,,,,,,,,,,,,,,,,,,,,,,,,
2021-02-20,59,65.54,14,,,,,,,,,,,,,,,,,,,,,,,,,,
2022-02-19,59,65.902,14,,,,,,,,,,,,,,,,,,,,,,,,,,
2022-01-18,59,55.372,14,,,,,,,,,,,,,,,,,,,,,,,,,,
2021-06-25,59,55.55,14,,,,,,,,,,,,,,,,,,,,,,,,,,
2021-06-07,59,38.64,14,,,,,,,,,,,,,,,,,,,,,,,,,,
2018-09-24,59,53.8,14,,,,,,,,,,,,,,,,,,,,,,,,,,
2018-10-09,59,55.698,14,,,,,,,,,,,,,,,,,,,,,,,,,,
2022-08-30,59,55.216,14,,,,,,,,,,,,,,,,,,,,,,,,,,
2020-11-09,59,58.75,14,,,,,,,,,,,,,,,,,,,,,,,,,,
2021-01-11,58,64.9,14,,,,,,,,,,,,,,,,,,,,,,,,,,
2021-01-10,58,41.551,14,,,,,,,,,,,,,,,,,,,,,,,,,,
2021-11-26,58,42.356,14,,,,,,,,,,,,,,,,,,,,,,,,,,
2021-11-30,58,41.57,14,,,,,,,,,,,,,,,,,,,,,,,,,,
2022-05-03,58,50.126,14,,,,,,,,,,,,,,,,,,,,,,,,,,
2018-05-04,58,43.174,14,,,,,,,,,,,,,,,,,,,,,,,,,,
2022-01-25,58,16.71,14,,,,,,,,,,,,,,,,,,,,,,,,,,
2021-03-17,58,62.679,14,,,,,,,,,,,,,,,,,,,,,,,,,,
2021-05-11,58,71.92,14,,,,,,,,,,,,,,,,,,,,,,,,,,
2021-05-19,58,41.14,14,,,,,,,,,,,,,,,,,,,,,,,,,,
2021-10-13,58,43.125,14,,,,,,,,,,,,,,,,,,,,,,,,,,
2021-10-24,58,33.956,14,,,,,,,,,,,,,,,,,,,,,,,,,,
2022-10-11,58,44.62,14,,,,,,,,,,,,,,,,,,,,,,,,,,
2021-09-17,58,71.4,14,,,,,,,,,,,,,,,,,,,,,,,,,,
2021-09-25,58,44.36,14,,,,,,,,,,,,,,,,,,,,,,,,,,
2021-09-29,58,46.167,14,,,,,,,,,,,,,,,,,,,,,,,,,,
2021-02-01,58,52.264,14,,,,,,,,,,,,,,,,,,,,,,,,,,
2021-12-14,58,29.86,14,,,,,,,,,,,,,,,,,,,,,,,,,,
2022-02-12,58,54.49,14,,,,,,,,,,,,,,,,,,,,,,,,,,
2023-01-26,58,58.715,14,,,,,,,,,,,,,,,,,,,,,,,,,,
2022-01-24,58,59.996,14,,,,,,,,,,,,,,,,,,,,,,,,,,
2018-10-18,58,40.269,14,,,,,,,,,,,,,,,,,,,,,,,,,,
2018-10-03,58,57.929,14,,,,,,,,,,,,,,,,,,,,,,,,,,
2022-08-23,58,44.76,14,,,,,,,,,,,,,,,,,,,,,,,,,,
2022-05-17,57,34.9,14,,,,,,,,,,,,,,,,,,,,,,,,,,
2022-03-19,57,39.38,13,,,,,,,,,,,,,,,,,,,,,,,,,,
2023-02-28,57,45.6,13,,,,,,,,,,,,,,,,,,,,,,,,,,
2018-01-28,57,32.217,13,,,,,,,,,,,,,,,,,,,,,,,,,,
2021-03-21,57,39.27,13,,,,,,,,,,,,,,,,,,,,,,,,,,
2022-03-04,57,64.15,13,,,,,,,,,,,,,,,,,,,,,,,,,,
2021-03-16,57,47.311,13,,,,,,,,,,,,,,,,,,,,,,,,,,
2021-03-14,57,32.683,13,,,,,,,,,,,,,,,,,,,,,,,,,,
2020-02-25,57,37.764,13,,,,,,,,,,,,,,,,,,,,,,,,,,
2018-11-09,57,72.322,13,,,,,,,,,,,,,,,,,,,,,,,,,,
2021-05-23,57,52.56,13,,,,,,,,,,,,,,,,,,,,,,,,,,
2021-10-15,57,47.81,13,,,,,,,,,,,,,,,,,,,,,,,,,,
2021-10-21,57,54.06,13,,,,,,,,,,,,,,,,,,,,,,,,,,
2018-06-13,57,54.783,13,,,,,,,,,,,,,,,,,,,,,,,,,,
2021-09-10,57,37.34,13,,,,,,,,,,,,,,,,,,,,,,,,,,
2021-09-18,57,31.831,13,,,,,,,,,,,,,,,,,,,,,,,,,,
2021-12-08,57,52.73,13,,,,,,,,,,,,,,,,,,,,,,,,,,
2021-12-13,57,43.087,13,,,,,,,,,,,,,,,,,,,,,,,,,,
2017-12-02,57,40.228,13,,,,,,,,,,,,,,,,,,,,,,,,,,
2017-12-04,57,30.5,13,,,,,,,,,,,,,,,,,,,,,,,,,,
2021-04-20,57,69.85,13,,,,,,,,,,,,,,,,,,,,,,,,,,
2022-02-09,57,40.858,13,,,,,,,,,,,,,,,,,,,,,,,,,,
2021-02-21,57,72.24,13,,,,,,,,,,,,,,,,,,,,,,,,,,
2022-02-16,57,21.668,13,,,,,,,,,,,,,,,,,,,,,,,,,,
2022-02-23,57,50.14,13,,,,,,,,,,,,,,,,,,,,,,,,,,
2022-11-26,57,40.76,13,,,,,,,,,,,,,,,,,,,,,,,,,,
2021-06-20,57,48.738,13,,,,,,,,,,,,,,,,,,,,,,,,,,
2022-01-11,57,60.82,13,,,,,,,,,,,,,,,,,,,,,,,,,,
2021-11-01,57,65.157,13,,,,,,,,,,,,,,,,,,,,,,,,,,
2021-08-25,57,35.536,13,,,,,,,,,,,,,,,,,,,,,,,,,,
2021-08-29,57,50.057,13,,,,,,,,,,,,,,,,,,,,,,,,,,
2021-01-05,56,62.46,13,,,,,,,,,,,,,,,,,,,,,,,,,,
2018-03-21,56,51.087,13,,,,,,,,,,,,,,,,,,,,,,,,,,
2018-03-17,56,52.01,13,,,,,,,,,,,,,,,,,,,,,,,,,,
2021-01-27,56,34.878,13,,,,,,,,,,,,,,,,,,,,,,,,,,
2022-05-04,56,52.07,13,,,,,,,,,,,,,,,,,,,,,,,,,,
2021-11-03,56,43.251,13,,,,,,,,,,,,,,,,,,,,,,,,,,
2021-11-05,56,62.082,13,,,,,,,,,,,,,,,,,,,,,,,,,,
2021-11-10,56,50.742,13,,,,,,,,,,,,,,,,,,,,,,,,,,
2022-05-20,56,36.472,13,,,,,,,,,,,,,,,,,,,,,,,,,,
2022-05-23,56,49.973,13,,,,,,,,,,,,,,,,,,,,,,,,,,
2022-05-11,56,57.34,13,,,,,,,,,,,,,,,,,,,,,,,,,,
2022-01-27,56,31.96,13,,,,,,,,,,,,,,,,,,,,,,,,,,
2021-03-27,56,57.814,13,,,,,,,,,,,,,,,,,,,,,,,,,,
2021-05-09,56,58.624,13,,,,,,,,,,,,,,,,,,,,,,,,,,
2022-09-03,56,56.831,13,,,,,,,,,,,,,,,,,,,,,,,,,,
2021-09-30,56,52.171,13,,,,,,,,,,,,,,,,,,,,,,,,,,
2020-10-30,56,59.446,13,,,,,,,,,,,,,,,,,,,,,,,,,,
2021-09-20,56,43.24,13,,,,,,,,,,,,,,,,,,,,,,,,,,
2022-09-11,56,54.123,13,,,,,,,,,,,,,,,,,,,,,,,,,,
2020-10-05,56,38.928,13,,,,,,,,,,,,,,,,,,,,,,,,,,
2017-08-22,56,37.2,13,,,,,,,,,,,,,,,,,,,,,,,,,,
2022-06-05,56,68.793,13,,,,,,,,,,,,,,,,,,,,,,,,,,
2021-02-09,56,30.432,13,,,,,,,,,,,,,,,,,,,,,,,,,,
2021-12-26,56,55.388,13,,,,,,,,,,,,,,,,,,,,,,,,,,
2021-04-24,56,44.647,13,,,,,,,,,,,,,,,,,,,,,,,,,,
2021-04-21,56,53.91,13,,,,,,,,,,,,,,,,,,,,,,,,,,
2022-04-02,56,40.393,13,,,,,,,,,,,,,,,,,,,,,,,,,,
2022-02-06,56,55.47,13,,,,,,,,,,,,,,,,,,,,,,,,,,
2022-02-11,56,45.77,13,,,,,,,,,,,,,,,,,,,,,,,,,,
2022-11-30,56,37.912,13,,,,,,,,,,,,,,,,,,,,,,,,,,
2021-06-21,56,57.05,13,,,,,,,,,,,,,,,,,,,,,,,,,,
2018-10-17,56,47.462,13,,,,,,,,,,,,,,,,,,,,,,,,,,
2021-06-15,56,67.52,13,,,,,,,,,,,,,,,,,,,,,,,,,,
2018-10-05,56,38.67,13,,,,,,,,,,,,,,,,,,,,,,,,,,
2020-11-17,56,39.694,13,,,,,,,,,,,,,,,,,,,,,,,,,,
2021-08-22,56,28.19,13,,,,,,,,,,,,,,,,,,,,,,,,,,
2021-08-14,56,47.448,13,,,,,,,,,,,,,,,,,,,,,,,,,,
2018-03-20,55,33.129,13,,,,,,,,,,,,,,,,,,,,,,,,,,
2022-05-05,55,38.41,13,,,,,,,,,,,,,,,,,,,,,,,,,,
2017-11-01,55,37.622,13,,,,,,,,,,,,,,,,,,,,,,,,,,
2021-05-02,55,53.11,13,,,,,,,,,,,,,,,,,,,,,,,,,,
2018-11-19,55,63.243,13,,,,,,,,,,,,,,,,,,,,,,,,,,
2018-11-16,55,52.609,13,,,,,,,,,,,,,,,,,,,,,,,,,,
2021-03-29,55,46.832,13,,,,,,,,,,,,,,,,,,,,,,,,,,
2021-03-03,55,57.042,13,,,,,,,,,,,,,,,,,,,,,,,,,,
2022-03-02,55,49.228,13,,,,,,,,,,,,,,,,,,,,,,,,,,
2021-03-19,55,34.596,13,,,,,,,,,,,,,,,,,,,,,,,,,,
2021-07-06,55,41.783,13,,,,,,,,,,,,,,,,,,,,,,,,,,
2022-10-21,55,51.394,13,,,,,,,,,,,,,,,,,,,,,,,,,,
2022-10-15,55,56.409,13,,,,,,,,,,,,,,,,,,,,,,,,,,
2021-05-26,55,55.848,13,,,,,,,,,,,,,,,,,,,,,,,,,,
2021-10-30,55,58.89,13,,,,,,,,,,,,,,,,,,,,,,,,,,
2022-10-04,55,34.325,13,,,,,,,,,,,,,,,,,,,,,,,,,,
2022-09-27,55,61.25,13,,,,,,,,,,,,,,,,,,,,,,,,,,
2021-10-01,55,38.254,13,,,,,,,,,,,,,,,,,,,,,,,,,,
2018-06-03,55,36.428,13,,,,,,,,,,,,,,,,,,,,,,,,,,
2018-06-01,55,35.634,13,,,,,,,,,,,,,,,,,,,,,,,,,,
2020-09-13,55,56.204,13,,,,,,,,,,,,,,,,,,,,,,,,,,
2017-08-15,55,51.06,13,,,,,,,,,,,,,,,,,,,,,,,,,,
2018-06-27,55,51.09,13,,,,,,,,,,,,,,,,,,,,,,,,,,
2022-06-08,55,64.443,13,,,,,,,,,,,,,,,,,,,,,,,,,,
2021-02-10,55,41.31,13,,,,,,,,,,,,,,,,,,,,,,,,,,
2021-12-20,55,36.683,13,,,,,,,,,,,,,,,,,,,,,,,,,,
2022-04-29,55,32.702,13,,,,,,,,,,,,,,,,,,,,,,,,,,
2020-05-20,55,63.03,13,,,,,,,,,,,,,,,,,,,,,,,,,,
2017-12-08,55,58.471,13,,,,,,,,,,,,,,,,,,,,,,,,,,
2022-02-10,55,37.496,13,,,,,,,,,,,,,,,,,,,,,,,,,,
2021-06-30,55,42.985,13,,,,,,,,,,,,,,,,,,,,,,,,,,
2022-11-01,55,18.3,13,,,,,,,,,,,,,,,,,,,,,,,,,,
2021-06-10,55,34.09,13,,,,,,,,,,,,,,,,,,,,,,,,,,
2018-05-22,55,60.579,13,,,,,,,,,,,,,,,,,,,,,,,,,,
2020-11-14,55,71.12,13,,,,,,,,,,,,,,,,,,,,,,,,,,
2021-08-27,55,32.34,13,,,,,,,,,,,,,,,,,,,,,,,,,,
2021-08-03,55,42.75,13,,,,,,,,,,,,,,,,,,,,,,,,,,
2021-08-15,55,65.675,13,,,,,,,,,,,,,,,,,,,,,,,,,,
2021-01-04,54,44.02,13,,,,,,,,,,,,,,,,,,,,,,,,,,
2022-05-02,54,42.69,13,,,,,,,,,,,,,,,,,,,,,,,,,,
2020-06-04,54,31.163,13,,,,,,,,,,,,,,,,,,,,,,,,,,
2021-11-08,54,42.52,13,,,,,,,,,,,,,,,,,,,,,,,,,,
2021-11-04,54,52.91,13,,,,,,,,,,,,,,,,,,,,,,,,,,
2021-03-28,54,46.364,13,,,,,,,,,,,,,,,,,,,,,,,,,,
2018-01-21,54,46.84,13,,,,,,,,,,,,,,,,,,,,,,,,,,
2018-01-22,54,34.93,13,,,,,,,,,,,,,,,,,,,,,,,,,,
2021-03-18,54,55.273,13,,,,,,,,,,,,,,,,,,,,,,,,,,
2023-02-11,54,48.07,13,,,,,,,,,,,,,,,,,,,,,,,,,,
2020-02-27,54,27.494,13,,,,,,,,,,,,,,,,,,,,,,,,,,
2022-12-03,54,34.78,13,,,,,,,,,,,,,,,,,,,,,,,,,,
2020-12-29,54,35.191,13,,,,,,,,,,,,,,,,,,,,,,,,,,
2018-11-01,54,46.52,13,,,,,,,,,,,,,,,,,,,,,,,,,,
2021-05-12,54,47.5,13,,,,,,,,,,,,,,,,,,,,,,,,,,
2020-12-01,54,51.629,13,,,,,,,,,,,,,,,,,,,,,,,,,,
2021-10-16,54,44.705,13,,,,,,,,,,,,,,,,,,,,,,,,,,
2022-09-05,54,30.785,13,,,,,,,,,,,,,,,,,,,,,,,,,,
2021-10-28,54,54.89,13,,,,,,,,,,,,,,,,,,,,,,,,,,
2022-10-10,54,39.872,13,,,,,,,,,,,,,,,,,,,,,,,,,,
2022-10-09,54,51.645,13,,,,,,,,,,,,,,,,,,,,,,,,,,
2021-09-19,54,17.512,13,,,,,,,,,,,,,,,,,,,,,,,,,,
2021-10-05,54,66.89,13,,,,,,,,,,,,,,,,,,,,,,,,,,
2021-09-28,54,51.635,13,,,,,,,,,,,,,,,,,,,,,,,,,,
2021-09-26,54,39.36,12,,,,,,,,,,,,,,,,,,,,,,,,,,
2022-06-13,54,74.37,12,,,,,,,,,,,,,,,,,,,,,,,,,,
2022-06-22,54,52.16,12,,,,,,,,,,,,,,,,,,,,,,,,,,
2018-04-10,54,49.77,12,,,,,,,,,,,,,,,,,,,,,,,,,,
2021-12-06,54,56.5,12,,,,,,,,,,,,,,,,,,,,,,,,,,
2022-04-26,54,52.24,12,,,,,,,,,,,,,,,,,,,,,,,,,,
2022-04-20,54,56.9,12,,,,,,,,,,,,,,,,,,,,,,,,,,
2021-04-23,54,38.306,12,,,,,,,,,,,,,,,,,,,,,,,,,,
2017-12-12,54,39.18,12,,,,,,,,,,,,,,,,,,,,,,,,,,
2021-02-26,54,50.95,12,,,,,,,,,,,,,,,,,,,,,,,,,,
2020-03-08,54,49.151,12,,,,,,,,,,,,,,,,,,,,,,,,,,
2022-02-22,54,49.51,12,,,,,,,,,,,,,,,,,,,,,,,,,,
2020-01-21,54,44.921,12,,,,,,,,,,,,,,,,,,,,,,,,,,
2021-06-18,54,34.282,12,,,,,,,,,,,,,,,,,,,,,,,,,,
2022-11-15,54,52.42,12,,,,,,,,,,,,,,,,,,,,,,,,,,
2018-10-22,54,16.898,12,,,,,,,,,,,,,,,,,,,,,,,,,,
2018-05-20,54,55.594,12,,,,,,,,,,,,,,,,,,,,,,,,,,
2022-08-27,54,55.109,12,,,,,,,,,,,,,,,,,,,,,,,,,,
2020-11-02,54,35.82,12,,,,,,,,,,,,,,,,,,,,,,,,,,
2021-08-10,54,46.712,12,,,,,,,,,,,,,,,,,,,,,,,,,,
2021-08-13,54,47.64,12,,,,,,,,,,,,,,,,,,,,,,,,,,
2022-05-30,53,33.425,12,,,,,,,,,,,,,,,,,,,,,,,,,,
2018-05-02,53,41.4,12,,,,,,,,,,,,,,,,,,,,,,,,,,
2018-05-07,53,56.516,12,,,,,,,,,,,,,,,,,,,,,,,,,,
2022-05-25,53,30.55,12,,,,,,,,,,,,,,,,,,,,,,,,,,
2021-11-23,53,48.527,12,,,,,,,,,,,,,,,,,,,,,,,,,,
2022-05-12,53,42.32,12,,,,,,,,,,,,,,,,,,,,,,,,,,
2023-02-23,53,33.405,12,,,,,,,,,,,,,,,,,,,,,,,,,,
2022-03-26,53,48.754,12,,,,,,,,,,,,,,,,,,,,,,,,,,
2021-05-01,53,59.67,12,,,,,,,,,,,,,,,,,,,,,,,,,,
2021-05-06,53,70.92,12,,,,,,,,,,,,,,,,,,,,,,,,,,
2018-01-23,53,42.243,12,,,,,,,,,,,,,,,,,,,,,,,,,,
2018-01-24,53,64.541,12,,,,,,,,,,,,,,,,,,,,,,,,,,
2022-01-29,53,60.965,12,,,,,,,,,,,,,,,,,,,,,,,,,,
2021-07-29,53,29.43,12,,,,,,,,,,,,,,,,,,,,,,,,,,
2022-12-27,53,34.202,12,,,,,,,,,,,,,,,,,,,,,,,,,,
2022-10-30,53,59.72,12,,,,,,,,,,,,,,,,,,,,,,,,,,
2021-10-22,53,61.527,12,,,,,,,,,,,,,,,,,,,,,,,,,,
2022-10-03,53,59.78,12,,,,,,,,,,,,,,,,,,,,,,,,,,
2017-06-17,53,50.23,12,,,,,,,,,,,,,,,,,,,,,,,,,,
2021-10-04,53,50.241,12,,,,,,,,,,,,,,,,,,,,,,,,,,
2020-09-28,53,42.09,12,,,,,,,,,,,,,,,,,,,,,,,,,,
2021-02-15,53,41.627,12,,,,,,,,,,,,,,,,,,,,,,,,,,
2022-06-20,53,32.817,12,,,,,,,,,,,,,,,,,,,,,,,,,,
2022-06-25,53,50.35,12,,,,,,,,,,,,,,,,,,,,,,,,,,
2018-04-12,53,42.665,12,,,,,,,,,,,,,,,,,,,,,,,,,,
2021-12-11,53,60.79,12,,,,,,,,,,,,,,,,,,,,,,,,,,
2021-04-17,53,49.532,12,,,,,,,,,,,,,,,,,,,,,,,,,,
2021-04-16,53,58.589,12,,,,,,,,,,,,,,,,,,,,,,,,,,
2021-04-13,53,51.092,12,,,,,,,,,,,,,,,,,,,,,,,,,,
2022-04-14,53,49.97,12,,,,,,,,,,,,,,,,,,,,,,,,,,
2022-04-10,53,62.43,12,,,,,,,,,,,,,,,,,,,,,,,,,,
2022-02-05,53,39.44,12,,,,,,,,,,,,,,,,,,,,,,,,,,
2022-02-07,53,59.158,12,,,,,,,,,,,,,,,,,,,,,,,,,,
2023-01-28,53,45.091,12,,,,,,,,,,,,,,,,,,,,,,,,,,
2022-02-25,53,59.391,12,,,,,,,,,,,,,,,,,,,,,,,,,,
2022-11-27,53,39.41,12,,,,,,,,,,,,,,,,,,,,,,,,,,
2020-01-31,53,72.81,12,,,,,,,,,,,,,,,,,,,,,,,,,,
2018-09-22,53,53.162,12,,,,,,,,,,,,,,,,,,,,,,,,,,
2022-08-24,53,46.093,12,,,,,,,,,,,,,,,,,,,,,,,,,,
2019-05-10,53,51.785,12,,,,,,,,,,,,,,,,,,,,,,,,,,
2021-01-20,52,55.98,12,,,,,,,,,,,,,,,,,,,,,,,,,,
2021-01-06,52,51.774,12,,,,,,,,,,,,,,,,,,,,,,,,,,
2022-07-05,52,34.966,12,,,,,,,,,,,,,,,,,,,,,,,,,,
2021-01-26,52,35.223,12,,,,,,,,,,,,,,,,,,,,,,,,,,
2021-11-27,52,51.558,12,,,,,,,,,,,,,,,,,,,,,,,,,,
2022-05-18,52,34.706,12,,,,,,,,,,,,,,,,,,,,,,,,,,
2018-05-01,52,28.6,12,,,,,,,,,,,,,,,,,,,,,,,,,,
2022-05-21,52,45.231,12,,,,,,,,,,,,,,,,,,,,,,,,,,
2021-11-15,52,57.71,12,,,,,,,,,,,,,,,,,,,,,,,,,,
2022-05-10,52,39.4,12,,,,,,,,,,,,,,,,,,,,,,,,,,
2023-02-14,52,50.567,12,,,,,,,,,,,,,,,,,,,,,,,,,,
2022-03-12,52,13.356,12,,,,,,,,,,,,,,,,,,,,,,,,,,
2021-05-07,52,56.828,12,,,,,,,,,,,,,,,,,,,,,,,,,,
2022-03-10,52,42.843,12,,,,,,,,,,,,,,,,,,,,,,,,,,
2022-03-31,52,61.206,12,,,,,,,,,,,,,,,,,,,,,,,,,,
2021-03-01,52,72.01,12,,,,,,,,,,,,,,,,,,,,,,,,,,
2021-03-22,52,42.854,12,,,,,,,,,,,,,,,,,,,,,,,,,,
2023-02-04,52,25.972,12,,,,,,,,,,,,,,,,,,,,,,,,,,
2021-03-09,52,41.86,12,,,,,,,,,,,,,,,,,,,,,,,,,,
2018-08-22,52,35.76,12,,,,,,,,,,,,,,,,,,,,,,,,,,
2018-08-27,52,53.65,12,,,,,,,,,,,,,,,,,,,,,,,,,,
2022-12-18,52,40.176,12,,,,,,,,,,,,,,,,,,,,,,,,,,
2020-02-09,52,35.62,12,,,,,,,,,,,,,,,,,,,,,,,,,,
2021-07-09,52,55.15,12,,,,,,,,,,,,,,,,,,,,,,,,,,
2022-10-22,52,51.938,12,,,,,,,,,,,,,,,,,,,,,,,,,,
2022-10-01,52,47.44,12,,,,,,,,,,,,,,,,,,,,,,,,,,
2021-09-12,52,47.38,12,,,,,,,,,,,,,,,,,,,,,,,,,,
2018-06-11,52,53.87,12,,,,,,,,,,,,,,,,,,,,,,,,,,
2022-07-12,52,45.211,12,,,,,,,,,,,,,,,,,,,,,,,,,,
2022-06-14,52,25.526,12,,,,,,,,,,,,,,,,,,,,,,,,,,
2018-02-23,52,60.067,12,,,,,,,,,,,,,,,,,,,,,,,,,,
2022-06-07,52,27.125,12,,,,,,,,,,,,,,,,,,,,,,,,,,
2018-04-02,52,40.154,12,,,,,,,,,,,,,,,,,,,,,,,,,,
2020-07-02,52,47.18,12,,,,,,,,,,,,,,,,,,,,,,,,,,
2021-12-10,52,52.552,12,,,,,,,,,,,,,,,,,,,,,,,,,,
2021-04-18,52,45.71,12,,,,,,,,,,,,,,,,,,,,,,,,,,
2023-01-18,52,50.934,12,,,,,,,,,,,,,,,,,,,,,,,,,,
2022-02-01,52,65.97,12,,,,,,,,,,,,,,,,,,,,,,,,,,
2021-02-18,52,34.095,12,,,,,,,,,,,,,,,,,,,,,,,,,,
2018-02-18,52,45.652,12,,,,,,,,,,,,,,,,,,,,,,,,,,
2022-02-20,52,46.0,12,,,,,,,,,,,,,,,,,,,,,,,,,,
2022-01-10,52,32.491,12,,,,,,,,,,,,,,,,,,,,,,,,,,
2020-01-25,52,35.01,12,,,,,,,,,,,,,,,,,,,,,,,,,,
2021-06-17,52,57.6,12,,,,,,,,,,,,,,,,,,,,,,,,,,
2018-10-23,52,14.96,12,,,,,,,,,,,,,,,,,,,,,,,,,,
2021-08-20,52,41.146,12,,,,,,,,,,,,,,,,,,,,,,,,,,
2021-08-02,52,33.384,12,,,,,,,,,,,,,,,,,,,,,,,,,,
2021-08-01,52,54.649,12,,,,,,,,,,,,,,,,,,,,,,,,,,
2022-08-15,52,68.7,12,,,,,,,,,,,,,,,,,,,,,,,,,,
2021-01-25,51,28.16,12,,,,,,,,,,,,,,,,,,,,,,,,,,
2018-03-09,51,38.887,12,,,,,,,,,,,,,,,,,,,,,,,,,,
2021-01-23,51,34.188,12,,,,,,,,,,,,,,,,,,,,,,,,,,
2017-11-15,51,16.46,12,,,,,,,,,,,,,,,,,,,,,,,,,,
2019-09-29,51,28.22,12,,,,,,,,,,,,,,,,,,,,,,,,,,
2023-02-24,51,47.216,12,,,,,,,,,,,,,,,,,,,,,,,,,,
2022-03-20,51,48.91,12,,,,,,,,,,,,,,,,,,,,,,,,,,
2022-03-06,51,51.64,12,,,,,,,,,,,,,,,,,,,,,,,,,,
2023-02-25,51,40.554,12,,,,,,,,,,,,,,,,,,,,,,,,,,
2022-03-13,51,44.1,12,,,,,,,,,,,,,,,,,,,,,,,,,,
2022-03-30,51,45.603,12,,,,,,,,,,,,,,,,,,,,,,,,,,
2021-03-02,51,45.847,12,,,,,,,,,,,,,,,,,,,,,,,,,,
2022-01-30,51,56.212,12,,,,,,,,,,,,,,,,,,,,,,,,,,
2021-03-11,51,46.602,12,,,,,,,,,,,,,,,,,,,,,,,,,,
2021-03-08,51,40.384,12,,,,,,,,,,,,,,,,,,,,,,,,,,
2022-12-07,51,24.97,12,,,,,,,,,,,,,,,,,,,,,,,,,,
2021-07-26,51,68.741,12,,,,,,,,,,,,,,,,,,,,,,,,,,
2020-02-03,51,66.0,12,,,,,,,,,,,,,,,,,,,,,,,,,,
2022-12-21,51,38.12,12,,,,,,,,,,,,,,,,,,,,,,,,,,
2021-05-28,51,65.19,12,,,,,,,,,,,,,,,,,,,,,,,,,,
2021-10-14,51,51.96,12,,,,,,,,,,,,,,,,,,,,,,,,,,
2022-10-07,51,32.784,12,,,,,,,,,,,,,,,,,,,,,,,,,,
2018-06-20,51,68.514,12,,,,,,,,,,,,,,,,,,,,,,,,,,
2022-09-16,51,38.06,12,,,,,,,,,,,,,,,,,,,,,,,,,,
2022-09-17,51,62.819,12,,,,,,,,,,,,,,,,,,,,,,,,,,
2018-06-10,51,40.116,12,,,,,,,,,,,,,,,,,,,,,,,,,,
2020-09-15,51,42.0,12,,,,,,,,,,,,,,,,,,,,,,,,,,
2018-06-25,51,38.465,12,,,,,,,,,,,,,,,,,,,,,,,,,,
2021-09-02,51,36.852,12,,,,,,,,,,,,,,,,,,,,,,,,,,
2021-12-19,51,36.57,12,,,,,,,,,,,,,,,,,,,,,,,,,,
2022-06-26,51,36.56,12,,,,,,,,,,,,,,,,,,,,,,,,,,
2022-04-30,51,48.891,12,,,,,,,,,,,,,,,,,,,,,,,,,,
2018-04-08,51,35.834,12,,,,,,,,,,,,,,,,,,,,,,,,,,
2020-05-30,51,28.97,12,,,,,,,,,,,,,,,,,,,,,,,,,,
2018-04-27,51,43.01,12,,,,,,,,,,,,,,,,,,,,,,,,,,
2018-04-30,51,38.232,12,,,,,,,,,,,,,,,,,,,,,,,,,,
2020-05-14,51,16.94,12,,,,,,,,,,,,,,,,,,,,,,,,,,
2021-04-10,51,40.718,12,,,,,,,,,,,,,,,,,,,,,,,,,,
2022-04-16,51,33.512,12,,,,,,,,,,,,,,,,,,,,,,,,,,
2019-11-28,51,43.169,12,,,,,,,,,,,,,,,,,,,,,,,,,,
2018-12-04,51,61.883,12,,,,,,,,,,,,,,,,,,,,,,,,,,
2022-02-08,51,64.673,12,,,,,,,,,,,,,,,,,,,,,,,,,,
2021-02-28,51,28.85,12,,,,,,,,,,,,,,,,,,,,,,,,,,
2021-02-22,51,40.521,12,,,,,,,,,,,,,,,,,,,,,,,,,,
2023-01-29,51,35.894,12,,,,,,,,,,,,,,,,,,,,,,,,,,
2018-02-08,51,38.81,12,,,,,,,,,,,,,,,,,,,,,,,,,,
2021-06-26,51,36.696,12,,,,,,,,,,,,,,,,,,,,,,,,,,
2021-06-02,51,59.101,12,,,,,,,,,,,,,,,,,,,,,,,,,,
2021-06-03,51,33.824,12,,,,,,,,,,,,,,,,,,,,,,,,,,
2021-06-04,51,32.83,12,,,,,,,,,,,,,,,,,,,,,,,,,,
2021-06-06,51,58.775,12,,,,,,,,,,,,,,,,,,,,,,,,,,
2022-11-12,51,42.983,12,,,,,,,,,,,,,,,,,,,,,,,,,,
2022-08-21,51,36.357,12,,,,,,,,,,,,,,,,,,,,,,,,,,
2018-07-16,51,52.245,12,,,,,,,,,,,,,,,,,,,,,,,,,,
2022-08-08,51,44.59,12,,,,,,,,,,,,,,,,,,,,,,,,,,
2021-01-21,50,45.148,12,,,,,,,,,,,,,,,,,,,,,,,,,,
2021-01-13,50,34.859,12,,,,,,,,,,,,,,,,,,,,,,,,,,
2021-01-08,50,34.15,12,,,,,,,,,,,,,,,,,,,,,,,,,,
2018-03-22,50,44.51,12,,,,,,,,,,,,,,,,,,,,,,,,,,
2021-11-06,50,50.641,12,,,,,,,,,,,,,,,,,,,,,,,,,,
2022-05-07,50,28.696,12,,,,,,,,,,,,,,,,,,,,,,,,,,
2022-03-09,50,44.42,12,,,,,,,,,,,,,,,,,,,,,,,,,,
2018-11-15,50,42.528,12,,,,,,,,,,,,,,,,,,,,,,,,,,
2022-03-27,50,51.205,12,,,,,,,,,,,,,,,,,,,,,,,,,,
2021-07-22,50,41.972,12,,,,,,,,,,,,,,,,,,,,,,,,,,
2020-02-05,50,42.95,12,,,,,,,,,,,,,,,,,,,,,,,,,,
2021-07-05,50,44.313,12,,,,,,,,,,,,,,,,,,,,,,,,,,
2021-07-04,50,49.811,12,,,,,,,,,,,,,,,,,,,,,,,,,,
2021-05-30,50,55.911,12,,,,,,,,,,,,,,,,,,,,,,,,,,
2020-12-21,50,68.93,12,,,,,,,,,,,,,,,,,,,,,,,,,,
2021-05-08,50,35.388,12,,,,,,,,,,,,,,,,,,,,,,,,,,
2018-11-02,50,38.9,12,,,,,,,,,,,,,,,,,,,,,,,,,,
2022-09-07,50,58.761,12,,,,,,,,,,,,,,,,,,,,,,,,,,
2018-06-18,50,63.167,12,,,,,,,,,,,,,,,,,,,,,,,,,,
2022-09-25,50,52.878,12,,,,,,,,,,,,,,,,,,,,,,,,,,
2022-09-18,50,40.061,12,,,,,,,,,,,,,,,,,,,,,,,,,,
2020-10-03,50,39.612,12,,,,,,,,,,,,,,,,,,,,,,,,,,
2021-09-05,50,55.049,12,,,,,,,,,,,,,,,,,,,,,,,,,,
2017-10-06,50,26.229,12,,,,,,,,,,,,,,,,,,,,,,,,,,
2022-06-06,50,36.39,12,,,,,,,,,,,,,,,,,,,,,,,,,,
2021-12-29,50,53.201,12,,,,,,,,,,,,,,,,,,,,,,,,,,
2021-12-03,50,30.317,12,,,,,,,,,,,,,,,,,,,,,,,,,,
2022-04-25,50,46.66,12,,,,,,,,,,,,,,,,,,,,,,,,,,
2017-10-24,50,66.31,12,,,,,,,,,,,,,,,,,,,,,,,,,,
2021-04-09,50,28.286,12,,,,,,,,,,,,,,,,,,,,,,,,,,
2022-04-08,50,46.58,12,,,,,,,,,,,,,,,,,,,,,,,,,,
2023-03-11,50,46.328,12,,,,,,,,,,,,,,,,,,,,,,,,,,
2022-04-11,50,57.099,12,,,,,,,,,,,,,,,,,,,,,,,,,,
2018-12-03,50,47.366,12,,,,,,,,,,,,,,,,,,,,,,,,,,
2022-04-04,50,47.3,12,,,,,,,,,,,,,,,,,,,,,,,,,,
2022-02-04,50,36.05,12,,,,,,,,,,,,,,,,,,,,,,,,,,
2018-12-30,50,46.43,12,,,,,,,,,,,,,,,,,,,,,,,,,,
2021-02-24,50,32.376,12,,,,,,,,,,,,,,,,,,,,,,,,,,
2023-01-14,50,30.301,12,,,,,,,,,,,,,,,,,,,,,,,,,,
2022-02-03,50,68.04,12,,,,,,,,,,,,,,,,,,,,,,,,,,
2020-03-11,50,43.905,12,,,,,,,,,,,,,,,,,,,,,,,,,,
2022-02-28,50,59.936,12,,,,,,,,,,,,,,,,,,,,,,,,,,
2023-01-27,50,46.304,12,,,,,,,,,,,,,,,,,,,,,,,,,,
2023-01-25,50,39.634,12,,,,,,,,,,,,,,,,,,,,,,,,,,
2022-02-15,50,53.214,12,,,,,,,,,,,,,,,,,,,,,,,,,,
2023-06-11,50,52.661,12,,,,,,,,,,,,,,,,,,,,,,,,,,
2023-04-09,50,61.168,12,,,,,,,,,,,,,,,,,,,,,,,,,,
2018-09-19,50,45.767,12,,,,,,,,,,,,,,,,,,,,,,,,,,
2022-11-21,50,45.762,12,,,,,,,,,,,,,,,,,,,,,,,,,,
2022-11-08,50,68.24,12,,,,,,,,,,,,,,,,,,,,,,,,,,
2018-05-23,50,54.764,11,,,,,,,,,,,,,,,,,,,,,,,,,,
2018-05-26,50,46.767,11,,,,,,,,,,,,,,,,,,,,,,,,,,
2020-11-25,50,50.72,11,,,,,,,,,,,,,,,,,,,,,,,,,,
2020-11-20,50,37.967,11,,,,,,,,,,,,,,,,,,,,,,,,,,
2020-11-21,50,38.517,11,,,,,,,,,,,,,,,,,,,,,,,,,,
2018-05-16,50,15.76,11,,,,,,,,,,,,,,,,,,,,,,,,,,
2021-08-21,50,39.24,11,,,,,,,,,,,,,,,,,,,,,,,,,,
2021-08-31,50,64.04,11,,,,,,,,,,,,,,,,,,,,,,,,,,
2021-08-30,50,45.707,11,,,,,,,,,,,,,,,,,,,,,,,,,,
2021-08-08,50,50.81,11,,,,,,,,,,,,,,,,,,,,,,,,,,
2019-10-03,49,15.71,11,,,,,,,,,,,,,,,,,,,,,,,,,,
2022-05-22,49,55.555,11,,,,,,,,,,,,,,,,,,,,,,,,,,
2021-11-14,49,38.996,11,,,,,,,,,,,,,,,,,,,,,,,,,,
2019-09-25,49,39.13,11,,,,,,,,,,,,,,,,,,,,,,,,,,
2017-11-06,49,36.937,11,,,,,,,,,,,,,,,,,,,,,,,,,,
2018-11-20,49,37.742,11,,,,,,,,,,,,,,,,,,,,,,,,,,
2022-03-23,49,39.319,11,,,,,,,,,,,,,,,,,,,,,,,,,,
2018-11-12,49,55.542,11,,,,,,,,,,,,,,,,,,,,,,,,,,
2022-03-14,49,62.731,11,,,,,,,,,,,,,,,,,,,,,,,,,,
2021-05-04,49,30.843,11,,,,,,,,,,,,,,,,,,,,,,,,,,
2021-03-05,49,31.642,11,,,,,,,,,,,,,,,,,,,,,,,,,,
2018-01-20,49,45.729,11,,,,,,,,,,,,,,,,,,,,,,,,,,
2021-03-13,49,39.325,11,,,,,,,,,,,,,,,,,,,,,,,,,,
2023-02-06,49,54.737,11,,,,,,,,,,,,,,,,,,,,,,,,,,
2023-02-09,49,45.962,11,,,,,,,,,,,,,,,,,,,,,,,,,,
2022-12-04,49,49.48,11,,,,,,,,,,,,,,,,,,,,,,,,,,
2018-08-20,49,37.54,11,,,,,,,,,,,,,,,,,,,,,,,,,,
2021-07-14,49,48.338,11,,,,,,,,,,,,,,,,,,,,,,,,,,
2023-05-19,49,48.579,11,,,,,,,,,,,,,,,,,,,,,,,,,,
2022-12-15,49,40.261,11,,,,,,,,,,,,,,,,,,,,,,,,,,
2021-07-01,49,43.7,11,,,,,,,,,,,,,,,,,,,,,,,,,,
2023-03-26,49,51.903,11,,,,,,,,,,,,,,,,,,,,,,,,,,
2020-12-20,49,47.525,11,,,,,,,,,,,,,,,,,,,,,,,,,,
2020-12-05,49,32.658,11,,,,,,,,,,,,,,,,,,,,,,,,,,
2021-10-17,49,46.969,11,,,,,,,,,,,,,,,,,,,,,,,,,,
2021-10-18,49,49.34,11,,,,,,,,,,,,,,,,,,,,,,,,,,
2020-09-30,49,40.248,11,,,,,,,,,,,,,,,,,,,,,,,,,,
2018-06-17,49,52.65,11,,,,,,,,,,,,,,,,,,,,,,,,,,
2022-10-05,49,43.098,11,,,,,,,,,,,,,,,,,,,,,,,,,,
2021-09-27,49,60.097,11,,,,,,,,,,,,,,,,,,,,,,,,,,
2020-10-12,49,29.709,11,,,,,,,,,,,,,,,,,,,,,,,,,,
2022-07-26,49,51.925,11,,,,,,,,,,,,,,,,,,,,,,,,,,
2020-09-25,49,54.17,11,,,,,,,,,,,,,,,,,,,,,,,,,,
2018-06-28,49,41.011,11,,,,,,,,,,,,,,,,,,,,,,,,,,
2021-09-04,49,49.595,11,,,,,,,,,,,,,,,,,,,,,,,,,,
2021-09-08,49,38.588,11,,,,,,,,,,,,,,,,,,,,,,,,,,
2020-09-04,49,29.947,11,,,,,,,,,,,,,,,,,,,,,,,,,,
2017-10-03,49,64.53,11,,,,,,,,,,,,,,,,,,,,,,,,,,
2017-09-21,49,66.08,11,,,,,,,,,,,,,,,,,,,,,,,,,,
2017-10-07,49,52.708,11,,,,,,,,,,,,,,,,,,,,,,,,,,
2017-09-27,49,33.666,11,,,,,,,,,,,,,,,,,,,,,,,,,,
2021-12-02,49,70.367,11,,,,,,,,,,,,,,,,,,,,,,,,,,
2022-04-19,49,56.763,11,,,,,,,,,,,,,,,,,,,,,,,,,,
2018-04-05,49,27.719,11,,,,,,,,,,,,,,,,,,,,,,,,,,
2018-04-06,49,55.966,11,,,,,,,,,,,,,,,,,,,,,,,,,,
2019-11-14,49,43.284,11,,,,,,,,,,,,,,,,,,,,,,,,,,
2021-04-26,49,51.021,11,,,,,,,,,,,,,,,,,,,,,,,,,,
2023-03-22,49,37.312,11,,,,,,,,,,,,,,,,,,,,,,,,,,
2022-04-01,49,37.553,11,,,,,,,,,,,,,,,,,,,,,,,,,,
2018-02-04,49,29.78,11,,,,,,,,,,,,,,,,,,,,,,,,,,
2022-11-29,49,56.993,11,,,,,,,,,,,,,,,,,,,,,,,,,,
2022-01-14,49,34.692,11,,,,,,,,,,,,,,,,,,,,,,,,,,
2022-01-17,49,42.26,11,,,,,,,,,,,,,,,,,,,,,,,,,,
2018-09-11,49,42.23,11,,,,,,,,,,,,,,,,,,,,,,,,,,
2016-09-23,49,41.449,11,,,,,,,,,,,,,,,,,,,,,,,,,,
2021-06-05,49,61.773,11,,,,,,,,,,,,,,,,,,,,,,,,,,
2018-09-17,49,48.516,11,,,,,,,,,,,,,,,,,,,,,,,,,,
2021-06-13,49,38.142,11,,,,,,,,,,,,,,,,,,,,,,,,,,
2021-06-14,49,71.194,11,,,,,,,,,,,,,,,,,,,,,,,,,,
2021-06-19,49,36.532,11,,,,,,,,,,,,,,,,,,,,,,,,,,
2022-11-22,49,60.53,11,,,,,,,,,,,,,,,,,,,,,,,,,,
2017-05-03,49,40.82,11,,,,,,,,,,,,,,,,,,,,,,,,,,
2022-11-02,49,50.26,11,,,,,,,,,,,,,,,,,,,,,,,,,,
2018-10-25,49,46.914,11,,,,,,,,,,,,,,,,,,,,,,,,,,
2020-11-05,49,58.164,11,,,,,,,,,,,,,,,,,,,,,,,,,,
2018-05-13,49,40.65,11,,,,,,,,,,,,,,,,,,,,,,,,,,
2020-11-03,49,53.918,11,,,,,,,,,,,,,,,,,,,,,,,,,,
2021-08-28,49,40.68,11,,,,,,,,,,,,,,,,,,,,,,,,,,
2021-08-04,49,13.857,11,,,,,,,,,,,,,,,,,,,,,,,,,,
2022-08-16,49,29.29,11,,,,,,,,,,,,,,,,,,,,,,,,,,
2018-03-06,48,47.922,11,,,,,,,,,,,,,,,,,,,,,,,,,,
2021-01-22,48,55.528,11,,,,,,,,,,,,,,,,,,,,,,,,,,
2021-01-31,48,59.92,11,,,,,,,,,,,,,,,,,,,,,,,,,,
2021-11-29,48,61.508,11,,,,,,,,,,,,,,,,,,,,,,,,,,
2018-05-09,48,70.332,11,,,,,,,,,,,,,,,,,,,,,,,,,,
2021-11-18,48,59.98,11,,,,,,,,,,,,,,,,,,,,,,,,,,
2021-11-24,48,40.888,11,,,,,,,,,,,,,,,,,,,,,,,,,,
2023-02-21,48,27.508,11,,,,,,,,,,,,,,,,,,,,,,,,,,
2022-03-05,48,57.559,11,,,,,,,,,,,,,,,,,,,,,,,,,,
2023-02-26,48,63.306,11,,,,,,,,,,,,,,,,,,,,,,,,,,
2018-11-30,48,50.52,11,,,,,,,,,,,,,,,,,,,,,,,,,,
2018-01-25,48,30.03,11,,,,,,,,,,,,,,,,,,,,,,,,,,
2021-03-26,48,29.08,11,,,,,,,,,,,,,,,,,,,,,,,,,,
2023-02-03,48,29.307,11,,,,,,,,,,,,,,,,,,,,,,,,,,
2018-08-14,48,20.433,11,,,,,,,,,,,,,,,,,,,,,,,,,,
2022-12-10,48,42.211,11,,,,,,,,,,,,,,,,,,,,,,,,,,
2022-12-05,48,42.695,11,,,,,,,,,,,,,,,,,,,,,,,,,,
2018-08-24,48,70.105,11,,,,,,,,,,,,,,,,,,,,,,,,,,
2021-07-10,48,42.213,11,,,,,,,,,,,,,,,,,,,,,,,,,,
2021-07-12,48,55.733,11,,,,,,,,,,,,,,,,,,,,,,,,,,
2018-08-04,48,62.764,11,,,,,,,,,,,,,,,,,,,,,,,,,,
2022-12-19,48,55.81,11,,,,,,,,,,,,,,,,,,,,,,,,,,
2020-12-17,48,23.04,11,,,,,,,,,,,,,,,,,,,,,,,,,,
2022-10-19,48,33.52,11,,,,,,,,,,,,,,,,,,,,,,,,,,
2022-09-30,48,50.988,11,,,,,,,,,,,,,,,,,,,,,,,,,,
2021-05-10,48,58.896,11,,,,,,,,,,,,,,,,,,,,,,,,,,
2021-05-16,48,68.385,11,,,,,,,,,,,,,,,,,,,,,,,,,,
2021-05-21,48,49.967,11,,,,,,,,,,,,,,,,,,,,,,,,,,
2021-05-24,48,28.587,11,,,,,,,,,,,,,,,,,,,,,,,,,,
2020-12-02,48,52.374,11,,,,,,,,,,,,,,,,,,,,,,,,,,
2021-05-29,48,45.261,11,,,,,,,,,,,,,,,,,,,,,,,,,,
2018-06-21,48,62.063,11,,,,,,,,,,,,,,,,,,,,,,,,,,
2022-09-14,48,69.27,11,,,,,,,,,,,,,,,,,,,,,,,,,,
2022-09-13,48,45.14,11,,,,,,,,,,,,,,,,,,,,,,,,,,
2020-09-10,48,46.066,11,,,,,,,,,,,,,,,,,,,,,,,,,,
2022-07-25,48,36.491,11,,,,,,,,,,,,,,,,,,,,,,,,,,
2021-09-06,48,69.22,11,,,,,,,,,,,,,,,,,,,,,,,,,,
2021-07-30,48,35.464,11,,,,,,,,,,,,,,,,,,,,,,,,,,
2020-09-01,48,43.67,11,,,,,,,,,,,,,,,,,,,,,,,,,,
2020-07-06,48,61.253,11,,,,,,,,,,,,,,,,,,,,,,,,,,
2022-04-27,48,30.254,11,,,,,,,,,,,,,,,,,,,,,,,,,,
2018-04-26,48,30.016,11,,,,,,,,,,,,,,,,,,,,,,,,,,
2020-05-15,48,34.709,11,,,,,,,,,,,,,,,,,,,,,,,,,,
2020-05-18,48,44.431,11,,,,,,,,,,,,,,,,,,,,,,,,,,
2021-04-11,48,50.789,11,,,,,,,,,,,,,,,,,,,,,,,,,,
2020-05-25,48,49.926,11,,,,,,,,,,,,,,,,,,,,,,,,,,
2021-04-05,48,14.382,11,,,,,,,,,,,,,,,,,,,,,,,,,,
2021-04-01,48,39.0,11,,,,,,,,,,,,,,,,,,,,,,,,,,
2017-12-09,48,31.67,11,,,,,,,,,,,,,,,,,,,,,,,,,,
2021-04-19,48,59.18,11,,,,,,,,,,,,,,,,,,,,,,,,,,
2023-01-05,48,53.179,11,,,,,,,,,,,,,,,,,,,,,,,,,,
2023-01-09,48,60.13,11,,,,,,,,,,,,,,,,,,,,,,,,,,
2023-01-13,48,35.267,11,,,,,,,,,,,,,,,,,,,,,,,,,,
2023-01-22,48,57.603,11,,,,,,,,,,,,,,,,,,,,,,,,,,
2021-02-16,48,52.387,11,,,,,,,,,,,,,,,,,,,,,,,,,,
2023-01-24,48,43.404,11,,,,,,,,,,,,,,,,,,,,,,,,,,
2022-11-25,48,53.192,11,,,,,,,,,,,,,,,,,,,,,,,,,,
2022-01-23,48,58.641,11,,,,,,,,,,,,,,,,,,,,,,,,,,
2022-01-13,48,35.79,11,,,,,,,,,,,,,,,,,,,,,,,,,,
2018-09-26,48,53.63,11,,,,,,,,,,,,,,,,,,,,,,,,,,
2018-09-29,48,36.075,11,,,,,,,,,,,,,,,,,,,,,,,,,,
2021-06-08,48,32.297,11,,,,,,,,,,,,,,,,,,,,,,,,,,
2020-01-22,48,51.941,11,,,,,,,,,,,,,,,,,,,,,,,,,,
2021-06-11,48,65.56,11,,,,,,,,,,,,,,,,,,,,,,,,,,
2018-10-06,48,37.4,11,,,,,,,,,,,,,,,,,,,,,,,,,,
2018-10-27,48,47.051,11,,,,,,,,,,,,,,,,,,,,,,,,,,
2018-05-29,48,45.663,11,,,,,,,,,,,,,,,,,,,,,,,,,,
2020-11-24,48,37.08,11,,,,,,,,,,,,,,,,,,,,,,,,,,
2020-11-07,48,27.379,11,,,,,,,,,,,,,,,,,,,,,,,,,,
2020-11-04,48,44.899,11,,,,,,,,,,,,,,,,,,,,,,,,,,
2022-08-25,48,54.589,11,,,,,,,,,,,,,,,,,,,,,,,,,,
2022-08-10,48,54.345,11,,,,,,,,,,,,,,,,,,,,,,,,,,
2021-08-09,48,46.465,11,,,,,,,,,,,,,,,,,,,,,,,,,,
2021-01-19,47,65.62,11,,,,,,,,,,,,,,,,,,,,,,,,,,
2017-08-30,47,19.256,11,,,,,,,,,,,,,,,,,,,,,,,,,,
2021-01-30,47,68.768,11,,,,,,,,,,,,,,,,,,,,,,,,,,
2021-11-17,47,28.171,11,,,,,,,,,,,,,,,,,,,,,,,,,,
2021-11-22,47,43.842,11,,,,,,,,,,,,,,,,,,,,,,,,,,
2017-11-03,47,39.968,11,,,,,,,,,,,,,,,,,,,,,,,,,,
2023-02-16,47,51.719,11,,,,,,,,,,,,,,,,,,,,,,,,,,
2018-11-23,47,69.576,11,,,,,,,,,,,,,,,,,,,,,,,,,,
2018-11-22,47,14.809,11,,,,,,,,,,,,,,,,,,,,,,,,,,
2023-02-27,47,35.076,11,,,,,,,,,,,,,,,,,,,,,,,,,,
2016-02-17,47,48.051,11,,,,,,,,,,,,,,,,,,,,,,,,,,
2018-11-17,47,60.273,11,,,,,,,,,,,,,,,,,,,,,,,,,,
2017-11-30,47,30.659,11,,,,,,,,,,,,,,,,,,,,,,,,,,
2018-01-16,47,45.638,11,,,,,,,,,,,,,,,,,,,,,,,,,,
2022-12-13,47,35.081,11,,,,,,,,,,,,,,,,,,,,,,,,,,
2018-08-13,47,60.043,11,,,,,,,,,,,,,,,,,,,,,,,,,,
2021-07-20,47,55.52,11,,,,,,,,,,,,,,,,,,,,,,,,,,
2021-05-20,47,67.558,11,,,,,,,,,,,,,,,,,,,,,,,,,,
2021-10-23,47,33.055,11,,,,,,,,,,,,,,,,,,,,,,,,,,
2022-09-26,47,39.785,11,,,,,,,,,,,,,,,,,,,,,,,,,,
2022-10-06,47,46.454,11,,,,,,,,,,,,,,,,,,,,,,,,,,
2020-10-18,47,55.58,11,,,,,,,,,,,,,,,,,,,,,,,,,,
2018-06-06,47,34.093,11,,,,,,,,,,,,,,,,,,,,,,,,,,
2017-06-20,47,59.843,11,,,,,,,,,,,,,,,,,,,,,,,,,,
2019-06-10,47,39.996,11,,,,,,,,,,,,,,,,,,,,,,,,,,
2022-07-19,47,37.945,11,,,,,,,,,,,,,,,,,,,,,,,,,,
2020-09-08,47,38.983,11,,,,,,,,,,,,,,,,,,,,,,,,,,
2017-10-10,47,16.603,11,,,,,,,,,,,,,,,,,,,,,,,,,,
2017-10-12,47,52.541,11,,,,,,,,,,,,,,,,,,,,,,,,,,
2021-02-11,47,57.13,11,,,,,,,,,,,,,,,,,,,,,,,,,,
2021-12-16,47,21.92,11,,,,,,,,,,,,,,,,,,,,,,,,,,
2022-04-21,47,63.24,11,,,,,,,,,,,,,,,,,,,,,,,,,,
2018-04-25,47,63.29,11,,,,,,,,,,,,,,,,,,,,,,,,,,
2020-05-19,47,39.215,11,,,,,,,,,,,,,,,,,,,,,,,,,,
2020-05-27,47,55.681,11,,,,,,,,,,,,,,,,,,,,,,,,,,
2022-04-09,47,28.12,11,,,,,,,,,,,,,,,,,,,,,,,,,,
2018-12-12,47,47.205,11,,,,,,,,,,,,,,,,,,,,,,,,,,
2018-12-02,47,45.833,11,,,,,,,,,,,,,,,,,,,,,,,,,,
2020-03-12,47,63.35,11,,,,,,,,,,,,,,,,,,,,,,,,,,
2022-02-26,47,53.841,11,,,,,,,,,,,,,,,,,,,,,,,,,,
2018-02-10,47,56.478,11,,,,,,,,,,,,,,,,,,,,,,,,,,
2018-02-15,47,41.165,11,,,,,,,,,,,,,,,,,,,,,,,,,,
2018-02-06,47,33.6,11,,,,,,,,,,,,,,,,,,,,,,,,,,
2019-01-22,47,29.863,11,,,,,,,,,,,,,,,,,,,,,,,,,,
2020-03-03,47,31.516,11,,,,,,,,,,,,,,,,,,,,,,,,,,
2022-11-28,47,53.05,11,,,,,,,,,,,,,,,,,,,,,,,,,,
2016-09-22,47,40.795,11,,,,,,,,,,,,,,,,,,,,,,,,,,
2017-05-17,47,63.58,11,,,,,,,,,,,,,,,,,,,,,,,,,,
2018-10-19,47,54.611,11,,,,,,,,,,,,,,,,,,,,,,,,,,
2018-09-23,47,30.722,11,,,,,,,,,,,,,,,,,,,,,,,,,,
2018-09-20,47,37.852,11,,,,,,,,,,,,,,,,,,,,,,,,,,
2018-10-08,47,39.683,11,,,,,,,,,,,,,,,,,,,,,,,,,,
2018-10-04,47,54.854,11,,,,,,,,,,,,,,,,,,,,,,,,,,
2022-11-23,47,56.697,11,,,,,,,,,,,,,,,,,,,,,,,,,,
2022-11-10,47,38.21,11,,,,,,,,,,,,,,,,,,,,,,,,,,
2018-10-28,47,48.694,11,,,,,,,,,,,,,,,,,,,,,,,,,,
2018-05-31,47,51.81,11,,,,,,,,,,,,,,,,,,,,,,,,,,
2018-05-12,47,40.382,11,,,,,,,,,,,,,,,,,,,,,,,,,,
2019-05-31,47,46.849,11,,,,,,,,,,,,,,,,,,,,,,,,,,
2021-08-24,47,56.286,11,,,,,,,,,,,,,,,,,,,,,,,,,,
2020-08-24,47,66.2,11,,,,,,,,,,,,,,,,,,,,,,,,,,
2022-08-12,47,56.284,11,,,,,,,,,,,,,,,,,,,,,,,,,,
2022-08-17,47,31.3,11,,,,,,,,,,,,,,,,,,,,,,,,,,
2022-08-09,47,53.882,11,,,,,,,,,,,,,,,,,,,,,,,,,,
2021-08-17,47,49.001,11,,,,,,,,,,,,,,,,,,,,,,,,,,
2021-08-18,47,31.9,11,,,,,,,,,,,,,,,,,,,,,,,,,,
2020-08-06,46,48.53,11,,,,,,,,,,,,,,,,,,,,,,,,,,
2020-08-12,46,53.406,11,,,,,,,,,,,,,,,,,,,,,,,,,,
2021-01-07,46,33.561,11,,,,,,,,,,,,,,,,,,,,,,,,,,
2021-11-28,46,36.855,11,,,,,,,,,,,,,,,,,,,,,,,,,,
2021-01-02,46,38.09,11,,,,,,,,,,,,,,,,,,,,,,,,,,
2020-06-02,46,38.468,11,,,,,,,,,,,,,,,,,,,,,,,,,,
2021-11-07,46,42.4,11,,,,,,,,,,,,,,,,,,,,,,,,,,
2019-09-23,46,48.45,11,,,,,,,,,,,,,,,,,,,,,,,,,,
2021-11-12,46,48.661,11,,,,,,,,,,,,,,,,,,,,,,,,,,
2019-10-14,46,16.315,11,,,,,,,,,,,,,,,,,,,,,,,,,,
2021-11-20,46,31.963,11,,,,,,,,,,,,,,,,,,,,,,,,,,
2022-05-14,46,54.657,11,,,,,,,,,,,,,,,,,,,,,,,,,,
2023-02-18,46,49.461,11,,,,,,,,,,,,,,,,,,,,,,,,,,
2021-03-30,46,75.72,11,,,,,,,,,,,,,,,,,,,,,,,,,,
2018-11-18,46,55.454,11,,,,,,,,,,,,,,,,,,,,,,,,,,
2022-03-11,46,65.31,11,,,,,,,,,,,,,,,,,,,,,,,,,,
2020-04-30,46,38.698,11,,,,,,,,,,,,,,,,,,,,,,,,,,
2020-04-07,46,48.899,11,,,,,,,,,,,,,,,,,,,,,,,,,,
2023-12-17,46,37.206,11,,,,,,,,,,,,,,,,,,,,,,,,,,
2021-03-24,46,40.976,11,,,,,,,,,,,,,,,,,,,,,,,,,,
2021-03-06,46,61.08,11,,,,,,,,,,,,,,,,,,,,,,,,,,
2022-12-09,46,32.735,11,,,,,,,,,,,,,,,,,,,,,,,,,,
2022-12-08,46,64.1,11,,,,,,,,,,,,,,,,,,,,,,,,,,
2021-07-07,46,62.474,11,,,,,,,,,,,,,,,,,,,,,,,,,,
2022-10-31,46,43.04,11,,,,,,,,,,,,,,,,,,,,,,,,,,
2022-10-25,46,51.385,11,,,,,,,,,,,,,,,,,,,,,,,,,,
2022-10-17,46,59.052,11,,,,,,,,,,,,,,,,,,,,,,,,,,
2018-11-05,46,59.295,11,,,,,,,,,,,,,,,,,,,,,,,,,,
2018-11-06,46,32.507,11,,,,,,,,,,,,,,,,,,,,,,,,,,
2022-09-01,46,66.003,11,,,,,,,,,,,,,,,,,,,,,,,,,,
2018-06-14,46,50.375,11,,,,,,,,,,,,,,,,,,,,,,,,,,
2018-06-16,46,35.859,11,,,,,,,,,,,,,,,,,,,,,,,,,,
2018-06-02,46,15.152,11,,,,,,,,,,,,,,,,,,,,,,,,,,
2021-09-21,46,71.074,11,,,,,,,,,,,,,,,,,,,,,,,,,,
2022-09-10,46,37.698,11,,,,,,,,,,,,,,,,,,,,,,,,,,
2020-10-06,46,47.837,11,,,,,,,,,,,,,,,,,,,,,,,,,,
2017-08-24,46,37.217,11,,,,,,,,,,,,,,,,,,,,,,,,,,
2022-06-09,46,42.378,11,,,,,,,,,,,,,,,,,,,,,,,,,,
2018-02-27,46,51.5,11,,,,,,,,,,,,,,,,,,,,,,,,,,
2021-02-03,46,61.33,11,,,,,,,,,,,,,,,,,,,,,,,,,,
2022-06-29,46,28.86,11,,,,,,,,,,,,,,,,,,,,,,,,,,
2018-04-07,46,51.7,11,,,,,,,,,,,,,,,,,,,,,,,,,,
2018-12-14,46,43.172,11,,,,,,,,,,,,,,,,,,,,,,,,,,
2018-12-13,46,27.634,11,,,,,,,,,,,,,,,,,,,,,,,,,,
2023-03-12,46,64.692,11,,,,,,,,,,,,,,,,,,,,,,,,,,
2018-12-18,46,50.148,11,,,,,,,,,,,,,,,,,,,,,,,,,,
2021-04-22,46,54.602,11,,,,,,,,,,,,,,,,,,,,,,,,,,
2020-05-06,46,28.436,11,,,,,,,,,,,,,,,,,,,,,,,,,,
2023-03-23,46,29.405,11,,,,,,,,,,,,,,,,,,,,,,,,,,
2022-04-03,46,38.049,11,,,,,,,,,,,,,,,,,,,,,,,,,,
2023-01-11,46,28.68,11,,,,,,,,,,,,,,,,,,,,,,,,,,
2023-01-17,46,48.604,11,,,,,,,,,,,,,,,,,,,,,,,,,,
2018-12-28,46,51.15,11,,,,,,,,,,,,,,,,,,,,,,,,,,
2018-02-05,46,48.836,11,,,,,,,,,,,,,,,,,,,,,,,,,,
2020-03-28,46,36.215,11,,,,,,,,,,,,,,,,,,,,,,,,,,
2022-01-15,46,38.78,11,,,,,,,,,,,,,,,,,,,,,,,,,,
2022-01-07,46,60.1,11,,,,,,,,,,,,,,,,,,,,,,,,,,
2022-01-04,46,29.676,11,,,,,,,,,,,,,,,,,,,,,,,,,,
2017-05-23,46,54.816,11,,,,,,,,,,,,,,,,,,,,,,,,,,
2018-10-01,46,57.737,11,,,,,,,,,,,,,,,,,,,,,,,,,,
2021-06-16,46,46.06,11,,,,,,,,,,,,,,,,,,,,,,,,,,
2022-11-11,46,29.049,11,,,,,,,,,,,,,,,,,,,,,,,,,,
2018-10-26,46,49.858,11,,,,,,,,,,,,,,,,,,,,,,,,,,
2020-11-16,46,44.111,11,,,,,,,,,,,,,,,,,,,,,,,,,,
2022-08-31,46,59.342,11,,,,,,,,,,,,,,,,,,,,,,,,,,
2018-05-21,46,64.804,11,,,,,,,,,,,,,,,,,,,,,,,,,,
2020-11-01,46,48.814,11,,,,,,,,,,,,,,,,,,,,,,,,,,
2020-08-26,46,57.502,11,,,,,,,,,,,,,,,,,,,,,,,,,,
2022-08-19,46,59.331,11,,,,,,,,,,,,,,,,,,,,,,,,,,
2018-03-02,45,42.758,11,,,,,,,,,,,,,,,,,,,,,,,,,,
2021-01-16,45,44.53,11,,,,,,,,,,,,,,,,,,,,,,,,,,
2021-01-14,45,35.577,11,,,,,,,,,,,,,,,,,,,,,,,,,,
2018-03-25,45,43.322,11,,,,,,,,,,,,,,,,,,,,,,,,,,
2018-03-27,45,52.464,11,,,,,,,,,,,,,,,,,,,,,,,,,,
2022-07-01,45,29.071,11,,,,,,,,,,,,,,,,,,,,,,,,,,
2018-03-14,45,32.54,11,,,,,,,,,,,,,,,,,,,,,,,,,,
2020-06-28,45,56.88,11,,,,,,,,,,,,,,,,,,,,,,,,,,
2017-11-23,45,58.321,11,,,,,,,,,,,,,,,,,,,,,,,,,,
2020-06-05,45,44.28,11,,,,,,,,,,,,,,,,,,,,,,,,,,
2021-01-03,45,44.27,11,,,,,,,,,,,,,,,,,,,,,,,,,,
2020-06-08,45,36.152,11,,,,,,,,,,,,,,,,,,,,,,,,,,
2020-06-07,45,68.068,11,,,,,,,,,,,,,,,,,,,,,,,,,,
2018-05-03,45,52.286,11,,,,,,,,,,,,,,,,,,,,,,,,,,
2020-06-01,45,60.785,11,,,,,,,,,,,,,,,,,,,,,,,,,,
2016-06-01,45,52.045,11,,,,,,,,,,,,,,,,,,,,,,,,,,
2019-10-28,45,44.541,11,,,,,,,,,,,,,,,,,,,,,,,,,,
2022-03-07,45,30.96,11,,,,,,,,,,,,,,,,,,,,,,,,,,
2018-01-12,45,60.555,11,,,,,,,,,,,,,,,,,,,,,,,,,,
2021-03-25,45,71.29,11,,,,,,,,,,,,,,,,,,,,,,,,,,
2021-03-12,45,45.373,11,,,,,,,,,,,,,,,,,,,,,,,,,,
2023-02-13,45,42.728,11,,,,,,,,,,,,,,,,,,,,,,,,,,
2023-02-12,45,27.442,11,,,,,,,,,,,,,,,,,,,,,,,,,,
2021-03-07,45,56.938,11,,,,,,,,,,,,,,,,,,,,,,,,,,
2022-12-12,45,38.2,11,,,,,,,,,,,,,,,,,,,,,,,,,,
2021-07-18,45,58.526,11,,,,,,,,,,,,,,,,,,,,,,,,,,
2019-02-16,45,29.98,11,,,,,,,,,,,,,,,,,,,,,,,,,,
2018-08-10,45,54.485,11,,,,,,,,,,,,,,,,,,,,,,,,,,
2021-07-25,45,35.152,11,,,,,,,,,,,,,,,,,,,,,,,,,,
2017-04-20,45,55.284,11,,,,,,,,,,,,,,,,,,,,,,,,,,
2022-12-23,45,46.89,11,,,,,,,,,,,,,,,,,,,,,,,,,,
2018-08-28,45,54.43,11,,,,,,,,,,,,,,,,,,,,,,,,,,
2022-10-20,45,46.72,11,,,,,,,,,,,,,,,,,,,,,,,,,,
2022-10-14,45,14.27,11,,,,,,,,,,,,,,,,,,,,,,,,,,
2020-12-23,45,46.109,11,,,,,,,,,,,,,,,,,,,,,,,,,,
2020-12-22,45,53.411,11,,,,,,,,,,,,,,,,,,,,,,,,,,
2023-05-02,45,46.61,11,,,,,,,,,,,,,,,,,,,,,,,,,,
2020-10-28,45,55.027,11,,,,,,,,,,,,,,,,,,,,,,,,,,
2022-09-15,45,54.471,11,,,,,,,,,,,,,,,,,,,,,,,,,,
2022-07-28,45,54.214,11,,,,,,,,,,,,,,,,,,,,,,,,,,
2017-08-19,45,54.66,11,,,,,,,,,,,,,,,,,,,,,,,,,,
2022-07-09,45,55.251,11,,,,,,,,,,,,,,,,,,,,,,,,,,
2018-06-26,45,35.193,11,,,,,,,,,,,,,,,,,,,,,,,,,,
2023-07-01,45,66.42,11,,,,,,,,,,,,,,,,,,,,,,,,,,
2017-08-20,45,52.439,11,,,,,,,,,,,,,,,,,,,,,,,,,,
2017-09-25,45,47.369,11,,,,,,,,,,,,,,,,,,,,,,,,,,
2017-09-22,45,51.624,11,,,,,,,,,,,,,,,,,,,,,,,,,,
2022-06-11,45,45.743,11,,,,,,,,,,,,,,,,,,,,,,,,,,
2018-02-22,45,51.892,11,,,,,,,,,,,,,,,,,,,,,,,,,,
2017-10-13,45,46.783,11,,,,,,,,,,,,,,,,,,,,,,,,,,
2021-02-12,45,33.173,11,,,,,,,,,,,,,,,,,,,,,,,,,,
2020-07-15,45,44.85,11,,,,,,,,,,,,,,,,,,,,,,,,,,
2021-02-07,45,44.727,11,,,,,,,,,,,,,,,,,,,,,,,,,,
2021-02-02,45,68.27,11,,,,,,,,,,,,,,,,,,,,,,,,,,
2022-06-21,45,46.15,11,,,,,,,,,,,,,,,,,,,,,,,,,,
2022-04-28,45,54.498,11,,,,,,,,,,,,,,,,,,,,,,,,,,
2018-04-15,45,65.828,11,,,,,,,,,,,,,,,,,,,,,,,,,,
2021-12-09,45,56.42,11,,,,,,,,,,,,,,,,,,,,,,,,,,
2014-06-03,45,38.613,11,,,,,,,,,,,,,,,,,,,,,,,,,,
2021-12-04,45,39.574,10,,,,,,,,,,,,,,,,,,,,,,,,,,
2018-04-04,45,53.959,10,,,,,,,,,,,,,,,,,,,,,,,,,,
2022-04-22,45,40.13,10,,,,,,,,,,,,,,,,,,,,,,,,,,
2017-10-26,45,53.967,10,,,,,,,,,,,,,,,,,,,,,,,,,,
2018-04-21,45,64.13,10,,,,,,,,,,,,,,,,,,,,,,,,,,
2020-05-26,45,39.15,10,,,,,,,,,,,,,,,,,,,,,,,,,,
2023-03-02,45,40.08,10,,,,,,,,,,,,,,,,,,,,,,,,,,
2018-12-10,45,54.504,10,,,,,,,,,,,,,,,,,,,,,,,,,,
2023-03-18,45,52.33,10,,,,,,,,,,,,,,,,,,,,,,,,,,
2023-03-16,45,52.39,10,,,,,,,,,,,,,,,,,,,,,,,,,,
2023-01-10,45,32.436,10,,,,,,,,,,,,,,,,,,,,,,,,,,
2023-01-19,45,52.36,10,,,,,,,,,,,,,,,,,,,,,,,,,,
2022-02-02,45,56.341,10,,,,,,,,,,,,,,,,,,,,,,,,,,
2018-02-16,45,31.889,10,,,,,,,,,,,,,,,,,,,,,,,,,,
2023-01-31,45,52.45,10,,,,,,,,,,,,,,,,,,,,,,,,,,
2020-01-30,45,52.46,10,,,,,,,,,,,,,,,,,,,,,,,,,,
2017-03-16,45,32.203,10,,,,,,,,,,,,,,,,,,,,,,,,,,
2018-09-04,45,64.33,10,,,,,,,,,,,,,,,,,,,,,,,,,,
2022-01-03,45,43.079,10,,,,,,,,,,,,,,,,,,,,,,,,,,
2017-05-18,45,76.27,10,,,,,,,,,,,,,,,,,,,,,,,,,,
2023-04-01,45,43.065,10,,,,,,,,,,,,,,,,,,,,,,,,,,
2018-10-12,45,53.765,10,,,,,,,,,,,,,,,,,,,,,,,,,,
2019-03-11,45,16.206,10,,,,,,,,,,,,,,,,,,,,,,,,,,
2018-09-30,45,31.837,10,,,,,,,,,,,,,,,,,,,,,,,,,,
2018-10-16,45,54.786,10,,,,,,,,,,,,,,,,,,,,,,,,,,
2021-06-09,45,54.542,10,,,,,,,,,,,,,,,,,,,,,,,,,,
2020-01-23,45,32.409,10,,,,,,,,,,,,,,,,,,,,,,,,,,
2018-09-21,45,51.917,10,,,,,,,,,,,,,,,,,,,,,,,,,,
2022-11-16,45,53.981,10,,,,,,,,,,,,,,,,,,,,,,,,,,
2023-04-24,45,32.642,10,,,,,,,,,,,,,,,,,,,,,,,,,,
2022-11-19,45,55.336,10,,,,,,,,,,,,,,,,,,,,,,,,,,
2020-11-27,45,53.989,10,,,,,,,,,,,,,,,,,,,,,,,,,,
2022-11-07,45,31.817,10,,,,,,,,,,,,,,,,,,,,,,,,,,
2017-05-10,45,42.465,10,,,,,,,,,,,,,,,,,,,,,,,,,,
2020-11-18,45,66.378,10,,,,,,,,,,,,,,,,,,,,,,,,,,
2018-05-25,45,54.915,10,,,,,,,,,,,,,,,,,,,,,,,,,,
2020-11-11,45,55.706,10,,,,,,,,,,,,,,,,,,,,,,,,,,
2019-05-21,45,43.043,10,,,,,,,,,,,,,,,,,,,,,,,,,,
2019-05-24,45,29.57,10,,,,,,,,,,,,,,,,,,,,,,,,,,
2021-08-12,45,30.32,10,,,,,,,,,,,,,,,,,,,,,,,,,,
2020-08-04,44,43.295,10,,,,,,,,,,,,,,,,,,,,,,,,,,
2018-03-29,44,63.769,10,,,,,,,,,,,,,,,,,,,,,,,,,,
2018-03-30,44,29.23,10,,,,,,,,,,,,,,,,,,,,,,,,,,
2022-07-08,44,40.412,10,,,,,,,,,,,,,,,,,,,,,,,,,,
2022-07-03,44,56.325,10,,,,,,,,,,,,,,,,,,,,,,,,,,
2021-01-29,44,53.912,10,,,,,,,,,,,,,,,,,,,,,,,,,,
2017-11-14,44,54.956,10,,,,,,,,,,,,,,,,,,,,,,,,,,
2018-03-31,44,29.32,10,,,,,,,,,,,,,,,,,,,,,,,,,,
2018-05-08,44,53.921,10,,,,,,,,,,,,,,,,,,,,,,,,,,
2021-11-13,44,53.923,10,,,,,,,,,,,,,,,,,,,,,,,,,,
2017-01-13,44,55.985,10,,,,,,,,,,,,,,,,,,,,,,,,,,
2018-11-25,44,29.17,10,,,,,,,,,,,,,,,,,,,,,,,,,,
2018-11-26,44,43.673,10,,,,,,,,,,,,,,,,,,,,,,,,,,
2023-05-07,44,43.451,10,,,,,,,,,,,,,,,,,,,,,,,,,,
2018-08-05,44,42.881,10,,,,,,,,,,,,,,,,,,,,,,,,,,
2018-08-06,44,41.857,10,,,,,,,,,,,,,,,,,,,,,,,,,,
2018-08-11,44,44.491,10,,,,,,,,,,,,,,,,,,,,,,,,,,
2023-05-26,44,42.895,10,,,,,,,,,,,,,,,,,,,,,,,,,,
2020-02-10,44,54.184,10,,,,,,,,,,,,,,,,,,,,,,,,,,
2022-10-28,44,65.543,10,,,,,,,,,,,,,,,,,,,,,,,,,,
2022-10-13,44,43.886,10,,,,,,,,,,,,,,,,,,,,,,,,,,
2022-10-16,44,42.859,10,,,,,,,,,,,,,,,,,,,,,,,,,,
2020-12-15,44,55.172,10,,,,,,,,,,,,,,,,,,,,,,,,,,
2021-05-22,44,15.812,10,,,,,,,,,,,,,,,,,,,,,,,,,,
2020-12-03,44,51.969,10,,,,,,,,,,,,,,,,,,,,,,,,,,
2020-10-26,44,55.147,10,,,,,,,,,,,,,,,,,,,,,,,,,,
2018-06-15,44,32.036,10,,,,,,,,,,,,,,,,,,,,,,,,,,
2022-09-23,44,43.607,10,,,,,,,,,,,,,,,,,,,,,,,,,,
2020-09-17,44,42.816,10,,,,,,,,,,,,,,,,,,,,,,,,,,
2020-10-09,44,54.167,10,,,,,,,,,,,,,,,,,,,,,,,,,,
2020-10-04,44,67.309,10,,,,,,,,,,,,,,,,,,,,,,,,,,
2017-08-17,44,68.106,10,,,,,,,,,,,,,,,,,,,,,,,,,,
2018-06-24,44,39.541,10,,,,,,,,,,,,,,,,,,,,,,,,,,
2022-07-10,44,54.389,10,,,,,,,,,,,,,,,,,,,,,,,,,,
2022-07-18,44,31.431,10,,,,,,,,,,,,,,,,,,,,,,,,,,
2020-09-05,44,66.515,10,,,,,,,,,,,,,,,,,,,,,,,,,,
2022-06-17,44,30.402,10,,,,,,,,,,,,,,,,,,,,,,,,,,
2017-10-04,44,30.974,10,,,,,,,,,,,,,,,,,,,,,,,,,,
2021-02-13,44,54.408,10,,,,,,,,,,,,,,,,,,,,,,,,,,
2021-12-23,44,55.202,10,,,,,,,,,,,,,,,,,,,,,,,,,,
2021-12-24,44,40.573,10,,,,,,,,,,,,,,,,,,,,,,,,,,
2021-12-28,44,53.603,10,,,,,,,,,,,,,,,,,,,,,,,,,,
2022-06-28,44,20.904,10,,,,,,,,,,,,,,,,,,,,,,,,,,
2017-10-25,44,54.868,10,,,,,,,,,,,,,,,,,,,,,,,,,,
2016-05-24,44,54.852,10,,,,,,,,,,,,,,,,,,,,,,,,,,
2020-05-11,44,31.524,10,,,,,,,,,,,,,,,,,,,,,,,,,,
2021-04-03,44,53.822,10,,,,,,,,,,,,,,,,,,,,,,,,,,
2017-12-31,44,32.535,10,,,,,,,,,,,,,,,,,,,,,,,,,,
2023-03-01,44,53.871,10,,,,,,,,,,,,,,,,,,,,,,,,,,
2019-11-17,44,56.278,10,,,,,,,,,,,,,,,,,,,,,,,,,,
2023-03-13,44,43.196,10,,,,,,,,,,,,,,,,,,,,,,,,,,
2016-01-24,44,40.598,10,,,,,,,,,,,,,,,,,,,,,,,,,,
2023-01-08,44,56.023,10,,,,,,,,,,,,,,,,,,,,,,,,,,
2021-02-25,44,40.587,10,,,,,,,,,,,,,,,,,,,,,,,,,,
2020-03-23,44,67.063,10,,,,,,,,,,,,,,,,,,,,,,,,,,
2022-02-18,44,54.805,10,,,,,,,,,,,,,,,,,,,,,,,,,,
2018-02-03,44,65.458,10,,,,,,,,,,,,,,,,,,,,,,,,,,
2022-01-19,44,42.583,10,,,,,,,,,,,,,,,,,,,,,,,,,,
2020-01-14,44,71.52,10,,,,,,,,,,,,,,,,,,,,,,,,,,
2018-10-14,44,32.743,10,,,,,,,,,,,,,,,,,,,,,,,,,,
2023-04-25,44,58.98,10,,,,,,,,,,,,,,,,,,,,,,,,,,
2018-10-30,44,67.293,10,,,,,,,,,,,,,,,,,,,,,,,,,,
2020-01-02,44,52.188,10,,,,,,,,,,,,,,,,,,,,,,,,,,
2020-11-06,44,66.266,10,,,,,,,,,,,,,,,,,,,,,,,,,,
2022-08-20,44,54.841,10,,,,,,,,,,,,,,,,,,,,,,,,,,
2020-08-28,44,44.157,10,,,,,,,,,,,,,,,,,,,,,,,,,,
2018-07-26,44,54.821,10,,,,,,,,,,,,,,,,,,,,,,,,,,
2021-08-19,44,42.561,10,,,,,,,,,,,,,,,,,,,,,,,,,,
2022-08-02,44,66.077,10,,,,,,,,,,,,,,,,,,,,,,,,,,
2018-03-07,43,67.096,10,,,,,,,,,,,,,,,,,,,,,,,,,,
2018-03-03,43,42.331,10,,,,,,,,,,,,,,,,,,,,,,,,,,
2018-03-13,43,44.352,10,,,,,,,,,,,,,,,,,,,,,,,,,,
2017-11-11,43,43.319,10,,,,,,,,,,,,,,,,,,,,,,,,,,
2021-03-31,43,44.65,10,,,,,,,,,,,,,,,,,,,,,,,,,,
2017-04-03,43,56.65,10,,,,,,,,,,,,,,,,,,,,,,,,,,
2021-07-19,43,66.885,10,,,,,,,,,,,,,,,,,,,,,,,,,,
2018-08-09,43,58.17,10,,,,,,,,,,,,,,,,,,,,,,,,,,
2022-12-02,43,67.454,10,,,,,,,,,,,,,,,,,,,,,,,,,,
2022-12-01,43,66.693,10,,,,,,,,,,,,,,,,,,,,,,,,,,
2022-12-28,43,65.883,10,,,,,,,,,,,,,,,,,,,,,,,,,,
2021-07-03,43,30.95,10,,,,,,,,,,,,,,,,,,,,,,,,,,
2021-07-02,43,68.87,10,,,,,,,,,,,,,,,,,,,,,,,,,,
2020-12-28,43,67.243,10,,,,,,,,,,,,,,,,,,,,,,,,,,
2020-12-30,43,29.89,10,,,,,,,,,,,,,,,,,,,,,,,,,,
2020-12-09,43,32.28,10,,,,,,,,,,,,,,,,,,,,,,,,,,
2019-04-13,43,32.25,10,,,,,,,,,,,,,,,,,,,,,,,,,,
2023-05-01,43,68.96,10,,,,,,,,,,,,,,,,,,,,,,,,,,
2017-06-28,43,42.55,10,,,,,,,,,,,,,,,,,,,,,,,,,,
2022-09-08,43,44.327,10,,,,,,,,,,,,,,,,,,,,,,,,,,
2022-09-02,43,43.768,10,,,,,,,,,,,,,,,,,,,,,,,,,,
2022-09-20,43,19.56,10,,,,,,,,,,,,,,,,,,,,,,,,,,
2020-10-08,43,43.528,10,,,,,,,,,,,,,,,,,,,,,,,,,,
2017-08-05,43,31.171,10,,,,,,,,,,,,,,,,,,,,,,,,,,
2020-09-24,43,66.17,10,,,,,,,,,,,,,,,,,,,,,,,,,,
2020-09-23,43,54.493,10,,,,,,,,,,,,,,,,,,,,,,,,,,
2022-07-16,43,31.147,10,,,,,,,,,,,,,,,,,,,,,,,,,,
2022-07-13,43,54.46,10,,,,,,,,,,,,,,,,,,,,,,,,,,
2020-09-07,43,51.818,10,,,,,,,,,,,,,,,,,,,,,,,,,,
2020-09-06,43,55.035,10,,,,,,,,,,,,,,,,,,,,,,,,,,
2017-08-02,43,56.078,10,,,,,,,,,,,,,,,,,,,,,,,,,,
2017-09-18,43,32.187,10,,,,,,,,,,,,,,,,,,,,,,,,,,
2022-06-02,43,31.114,10,,,,,,,,,,,,,,,,,,,,,,,,,,
2018-04-18,43,46.63,10,,,,,,,,,,,,,,,,,,,,,,,,,,
2020-05-31,43,54.696,10,,,,,,,,,,,,,,,,,,,,,,,,,,
2016-05-18,43,43.727,10,,,,,,,,,,,,,,,,,,,,,,,,,,
2020-05-04,43,31.371,10,,,,,,,,,,,,,,,,,,,,,,,,,,
2020-05-02,43,42.931,10,,,,,,,,,,,,,,,,,,,,,,,,,,
2019-01-02,43,54.76,10,,,,,,,,,,,,,,,,,,,,,,,,,,
2023-01-21,43,56.19,10,,,,,,,,,,,,,,,,,,,,,,,,,,
2018-02-11,43,68.07,10,,,,,,,,,,,,,,,,,,,,,,,,,,
2018-02-14,43,66.69,10,,,,,,,,,,,,,,,,,,,,,,,,,,
2022-02-21,43,46.37,10,,,,,,,,,,,,,,,,,,,,,,,,,,
2018-09-08,43,46.38,10,,,,,,,,,,,,,,,,,,,,,,,,,,
2023-06-04,43,56.21,10,,,,,,,,,,,,,,,,,,,,,,,,,,
2018-09-14,43,54.83,10,,,,,,,,,,,,,,,,,,,,,,,,,,
2021-06-22,43,54.82,10,,,,,,,,,,,,,,,,,,,,,,,,,,
2022-01-20,43,44.94,10,,,,,,,,,,,,,,,,,,,,,,,,,,
2022-01-08,43,39.637,10,,,,,,,,,,,,,,,,,,,,,,,,,,
2018-10-11,43,56.36,10,,,,,,,,,,,,,,,,,,,,,,,,,,
2018-09-18,43,56.39,10,,,,,,,,,,,,,,,,,,,,,,,,,,
2020-11-28,43,32.354,10,,,,,,,,,,,,,,,,,,,,,,,,,,
2018-10-24,43,44.79,10,,,,,,,,,,,,,,,,,,,,,,,,,,
2020-11-30,43,31.322,10,,,,,,,,,,,,,,,,,,,,,,,,,,
2023-06-19,43,46.14,10,,,,,,,,,,,,,,,,,,,,,,,,,,
2021-08-06,43,56.097,10,,,,,,,,,,,,,,,,,,,,,,,,,,
