Allele,HLAcode,n_subjects
1,DPB1*04:01,256196
1,DRB4*01:03,200724
2,A*02:01,186348
1,DRB3*01:01,165981
2,DPB1*04:01,164639
1,A*02:01,162271
2,DPB1*04:02,148668
2,A*03:01,148239
1,DQA1*01:02,137329
1,DRB5*01:01,132830
1,DQB1*05:01,131975
2,C*04:01,112735
1,A*03:01,110404
2,DRB1*01:01,102058
1,DQA1*01:01,97916
2,DQA1*03:01,94967
2,DQA1*01:01,92293
2,B*15:01,88570
1,DRB1*03:01,87586
2,B*07:02,86995
1,DRB1*01:01,85376
1,DRB3*02:02,85284
2,C*07:02,84539
1,DRB1*15:01,82559
1,DQB1*02:01,80425
2,DPB1*02:01,77745
2,DQB1*03:01,75929
1,DQB1*03:02,72279
2,C*07:01,71882
1,DPB1*03:01,71660
1,B*35:01,71310
1,DQB1*06:02,71289
2,DQB1*06:02,70079
2,C*03:04,69876
1,C*07:02,68040
2,DQB1*05:01,67315
1,DPB1*02:01,65990
2,DPB1*03:01,65632
1,B*08:01,64736
2,B*35:01,62597
1,A*01:01,62186
1,DQA1*04:01,61566
2,A*24:02,61489
2,DRB1*15:01,60656
2,DQB1*06:03,60149
2,DRB1*04:01,59871
1,DQA1*05:01,59814
1,C*03:04,59810
2,DQA1*05:05,59713
1,C*07:01,58756
1,DRB1*08:01,55342
1,DQA1*01:03,54531
1,C*03:03,53870
2,DQB1*04:02,53439
1,C*01:02,52902
1,B*07:02,52571
2,DQA1*01:02,51733
1,C*04:01,51039
1,DPB1*04:02,50720
2,DRB1*13:01,50487
1,DPB1*01:01,50349
2,DQB1*03:02,49940
1,DRB1*13:01,48094
1,B*15:01,47145
1,DQB1*04:02,45792
1,A*68:01,44302
1,DRB1*07:01,44204
1,C*06:02,44173
2,DRB1*08:01,42723
2,DQA1*05:01,42482
2,B*27:05,42128
2,C*05:01,41193
1,DQB1*03:01,39819
2,B*44:02,39757
1,B*27:05,39158
2,DQA1*04:01,37892
2,DQA1*01:03,36366
1,DQA1*02:01,36151
1,C*02:02,35049
1,A*24:02,34631
2,B*51:01,33765
2,DQB1*02:02,33582
2,A*01:01,32331
1,B*40:01,31929
2,B*40:01,31597
2,C*03:03,31208
1,DQB1*06:03,30981
2,DQB1*03:03,30767
1,A*31:01,30380
2,DRB1*04:04,30363
1,C*12:03,30260
2,B*08:01,29274
1,DRB1*04:01,29216
1,B*51:01,28713
2,DRB1*11:01,28594
1,DQB1*03:03,27693
2,DQB1*06:04,27430
1,DQA1*03:01,27232
1,B*18:01,26706
1,DRB3*03:01,26706
1,B*13:02,26533
2,DRB3*02:02,25363
2,DRB4*01:03,25158
2,C*02:02,24951
2,B*18:01,24782
1,B*44:02,24594
1,A*32:01,24466
1,B*39:01,24334
2,DQB1*02:01,23512
2,DQA1*03:03,22921
2,DQA1*02:01,22814
2,DQA1*03:02,22429
1,A*11:01,22419
2,A*11:01,21125
1,DRB1*09:01,20912
2,C*01:02,20422
2,C*06:02,19635
2,DRB3*01:01,19451
1,DRB1*13:02,19368
1,DQA1*03:02,19053
2,A*68:01,18396
1,DQA1*05:05,18098
1,B*56:01,18051
2,DRB1*13:02,17026
2,DRB1*12:01,16947
1,C*15:02,15989
2,DRB1*03:01,15965
1,C*05:01,15515
1,DPB1*05:01,15298
2,DRB1*09:01,14816
2,A*32:01,14459
1,B*40:02,14452
1,C*07:04,13987
2,DRB1*07:01,13908
1,DRB4*01:03N,12763
2,B*39:01,12726
2,B*40:02,12572
1,C*14:02,12421
2,C*15:02,12015
1,B*57:01,11705
2,A*31:01,11173
1,DRB1*04:04,10939
2,DPB1*14:01,10794
2,DRB5*01:01,10200
2,DQA1*01:04,9981
2,DQB1*05:02,9922
1,A*25:01,9728
2,DQB1*05:03,9615
1,DQB1*02:02,9608
1,DRB1*12:01,9594
2,A*26:01,9541
1,DRB1*11:01,9332
2,DPB1*05:01,9000
1,A*26:01,8789
2,DRB1*04:08,8753
2,DRB3*03:01,8569
2,DPB1*01:01,7954
1,B*44:03,7675
1,DRB5*02:02,7132
2,DRB1*16:01,6828
1,DRB4*01:01,6693
1,DQB1*06:04,6671
2,C*07:04,6080
2,DRB1*14:54,5923
2,DQA1*01:05,5899
1,B*44:27,5831
2,B*38:01,5652
2,C*12:03,5378
1,B*47:01,5294
2,DPB1*20:01,4678
1,DRB1*10:01,4597
2,B*13:02,4549
1,B*37:01,4343
2,DRB1*10:01,4304
2,DPB1*15:01,4200
2,DPB1*17:01,3924
1,DPB1*14:01,3756
2,B*37:01,3613
2,DPB1*16:01,3446
2,DRB1*11:04,3423
2,B*55:01,3410
2,DPB1*19:01,3156
2,A*25:01,3078
1,DRB1*13:03,3077
2,DRB4*01:03N,2985
1,DRB1*04:08,2978
1,B*38:01,2971
1,DQA1*01:05,2927
2,DPB1*13:01,2865
1,A*23:01,2851
2,B*56:01,2750
1,DQA1*01:04,2717
2,DQA1*05:03,2715
1,B*14:02,2548
1,A*29:02,2519
2,A*30:01,2498
1,A*29:01,2482
1,DQB1*05:03,2426
1,B*41:01,2390
1,C*17:01,2225
2,B*35:08,2132
1,B*58:01,2129
2,C*16:01,2120
2,C*14:02,2093
2,DRB4*01:01,2067
1,C*16:01,2006
2,DRB1*13:03,2003
1,DPB1*19:01,1993
2,DRB1*14:02,1972
1,DRB1*14:02,1947
2,C*03:02,1927
1,DRB1*16:01,1926
2,C*17:03,1894
2,DRB1*01:02,1835
2,DPB1*105:01,1802
1,DPB1*16:01,1768
2,B*57:01,1760
1,C*08:02,1752
2,DPB1*11:01,1737
2,B*47:01,1709
1,A*33:03,1572
2,B*44:27,1569
1,B*55:01,1508
1,B*41:02,1469
1,C*03:02,1458
2,DPB1*10:01,1292
2,DRB1*08:02,1291
2,B*44:03,1244
1,DQA1*05:03,1183
2,A*23:01,1160
1,DQA1*03:03,1150
2,B*27:02,1146
2,DRB1*04:07,1132
2,B*58:01,1126
2,DRB5*02:02,1115
2,DRB1*14:01,916
2,DQB1*06:09,883
2,DPB1*02:02,879
2,B*41:02,874
2,A*33:03,858
2,B*49:01,847
2,C*08:02,840
2,A*02:05,772
2,B*35:02,755
1,DPB1*15:01,752
1,DPB1*17:01,750
2,DRB1*11:03,717
2,B*45:01,716
2,A*69:01,694
1,DRB1*14:54,692
1,DQB1*05:02,691
2,A*33:01,680
2,DQA1*06:01,648
1,B*49:01,633
2,DRB1*08:03,592
2,B*50:01,573
2,B*35:03,567
2,B*39:06,555
2,B*14:02,553
2,DRB1*15:02,529
1,DRB1*01:02,502
1,A*33:01,480
2,B*14:01,454
1,C*17:03,445
2,A*29:02,425
2,DQB1*06:01,406
2,DRB1*04:03,353
2,DRB1*01:03,340
2,DRB1*04:05,332
1,DRB1*15:02,297
1,A*30:01,294
2,C*17:01,290
1,DPB1*13:01,279
2,C*15:05,264
2,DPB1*06:01,231
2,B*41:01,191
1,B*45:01,168
1,DRB1*11:04,168
1,B*27:02,161
1,DPB1*20:01,160
2,A*29:01,107
2,DQB1*03:04,103
1,B*39:06,102
1,B*35:08,88
1,DRB1*14:01,73
1,DPB1*11:01,71
1,B*35:03,54
1,DRB1*04:07,47
1,B*50:01,43
1,DPB1*105:01,41
1,DPB1*10:01,36
1,DPB1*02:02,34
1,DRB1*08:02,34
1,DRB1*08:03,34
1,DQB1*06:01,26
1,DQA1*06:01,25
1,DRB1*01:03,25
1,A*02:05,20
2,B*15:16,20
1,A*69:01,18
1,B*35:02,14
1,DQB1*06:09,14
1,DRB1*04:05,12
1,DRB1*11:03,12
2,B*13:01,11
