APPROX_DATE,Frequency,SOURCE,Frequency,SEX,Frequency,BIRTH_DATE,Frequency,AGE_AT_TEST,Frequency,AGE_GROUP,Frequency,IS_PEDIATRIC,Frequency,HEIGHT_BEST,Frequency,HEIGHT_CLEAN,Frequency,HEIGHT_FLAG,Frequency,WEIGHT_MEDIAN,Frequency,WEIGHT_LATEST,Frequency,WEIGHT_CLEAN,Frequency,WEIGHT_FLAG,Frequency,FEV1_BEST,Frequency,FVC_BEST,Frequency,FEV1_FVC_RATIO,Frequency,FEV1_MAX,Frequency,FVC_MAX,Frequency,MEASUREMENT_TYPE,Frequency,FEV1_POST,Frequency,FVC_POST,Frequency,FEV1_FVC_POST,Frequency,FEV1_CHANGE_L,Frequency,FEV1_CHANGE_PCT,Frequency,FVC_CHANGE_L,Frequency,FVC_CHANGE_PCT,Frequency,SIGNIFICANT_RESPONSE,Frequency,OBSTRUCTION,Frequency
2016-01-17,52,Helsinki,48976,female,64290,1953-08-08,73,List truncated...,,Adult 60-79,52848,0,97594,160.0,4585,160.0,4750,ok,95358,80.0,2328,70.0,2425,70.0,2583,ok,97469,List truncated...,,List truncated...,,1.0,85,List truncated...,,List truncated...,,reversibility,86073,,14170,,14170,,14170,,14170,,14170,,14170,,14170,FALSE,79440,Normal,66496
List truncated...,,Auria New Medikro,24144,male,35953,1938-04-14,73,,,Adult 40-59,29120,1,2650,165.0,4110,165.0,4312,moderate_variation_adult,3265,70.0,2294,80.0,2281,80.0,2580,high_variation,2404,,,,,List truncated...,,,,,,single,14170,List truncated...,,List truncated...,,1.0,62,0.0,70,0.0,70,0.04,53,List truncated...,,,14170,Obstructive,33747
,,Auria Old Medikro,12120,,,1965-06-27,70,,,Adult 18-39,10618,,,164.0,3775,163.0,4014,disagrees_with_demographics,1264,75.0,1977,75.0,2029,75.0,2276,extreme_variation,369,,,,,,,,,,,,,,,,,List truncated...,,0.02,60,List truncated...,,List truncated...,,,,TRUE,6633,,
,,Eastern Finland,5090,,,1948-11-11,67,,,Adult 80+,5007,,,163.0,3731,162.0,3927,high_variation_adult,333,65.0,1794,85.0,1863,65.0,2068,List truncated...,,,,,,,,,,,,,,,,,,,,0.028,53,,,,,,,,,,
,,Borealis,4900,,,1967-08-31,67,,,Adolescent 12-17,1547,,,162.0,3666,164.0,3852,List truncated...,,73.0,1779,90.0,1860,90.0,2034,,,,,,,,,,,,,,,,,,,,,0.0680000000000001,52,,,,,,,,,,
,,Tampere,3142,,,1942-12-21,65,,,Child 6-11,1102,,,170.0,3252,170.0,3529,,,90.0,1753,78.0,1844,85.0,2029,,,,,,,,,,,,,,,,,,,,,0.048,51,,,,,,,,,,
,,Auria SentrySuite,1871,,,1956-03-04,64,,,List truncated...,,,,158.0,3089,158.0,3292,,,74.0,1742,72.0,1827,72.0,1959,,,,,,,,,,,,,,,,,,,,,0.0600000000000001,51,,,,,,,,,,
,,,,,,1946-11-16,63,,,,,,,166.0,3034,168.0,3260,,,85.0,1707,68.0,1786,73.0,1938,,,,,,,,,,,,,,,,,,,,,0.103,50,,,,,,,,,,
,,,,,,1942-10-09,60,,,,,,,168.0,2968,166.0,3175,,,72.0,1685,77.0,1763,68.0,1910,,,,,,,,,,,,,,,,,,,,,List truncated...,,,,,,,,,,,
,,,,,,1945-09-29,60,,,,,,,161.0,2895,161.0,3132,,,82.0,1639,65.0,1745,78.0,1909,,,,,,,,,,,,,,,,,,,,,,,,,,,,,,,,
,,,,,,1945-10-23,60,,,,,,,167.0,2538,167.0,2881,,,68.0,1637,73.0,1737,74.0,1882,,,,,,,,,,,,,,,,,,,,,,,,,,,,,,,,
,,,,,,1947-02-28,57,,,,,,,172.0,2523,172.0,2723,,,78.0,1635,79.0,1668,82.0,1810,,,,,,,,,,,,,,,,,,,,,,,,,,,,,,,,
,,,,,,1961-01-18,56,,,,,,,159.0,2361,169.0,2499,,,76.0,1502,82.0,1636,77.0,1784,,,,,,,,,,,,,,,,,,,,,,,,,,,,,,,,
,,,,,,1946-07-21,56,,,,,,,157.0,2337,159.0,2458,,,69.0,1464,74.0,1623,76.0,1774,,,,,,,,,,,,,,,,,,,,,,,,,,,,,,,,
,,,,,,1947-01-08,55,,,,,,,169.0,2307,157.0,2423,,,77.0,1459,76.0,1539,67.0,1708,,,,,,,,,,,,,,,,,,,,,,,,,,,,,,,,
,,,,,,1956-09-26,54,,,,,,,173.0,2144,173.0,2261,,,83.0,1459,67.0,1532,83.0,1668,,,,,,,,,,,,,,,,,,,,,,,,,,,,,,,,
,,,,,,1947-01-15,54,,,,,,,175.0,2063,171.0,2257,,,67.0,1439,69.0,1524,63.0,1626,,,,,,,,,,,,,,,,,,,,,,,,,,,,,,,,
,,,,,,1961-04-18,54,,,,,,,174.0,2042,175.0,2249,,,64.0,1385,71.0,1504,69.0,1626,,,,,,,,,,,,,,,,,,,,,,,,,,,,,,,,
,,,,,,1972-04-04,53,,,,,,,171.0,2035,174.0,2233,,,62.0,1356,63.0,1501,84.0,1595,,,,,,,,,,,,,,,,,,,,,,,,,,,,,,,,
,,,,,,1956-07-22,53,,,,,,,176.0,1996,156.0,2156,,,63.0,1355,88.0,1498,79.0,1587,,,,,,,,,,,,,,,,,,,,,,,,,,,,,,,,
,,,,,,1992-02-08,51,,,,,,,156.0,1994,176.0,2139,,,79.0,1345,84.0,1479,71.0,1580,,,,,,,,,,,,,,,,,,,,,,,,,,,,,,,,
,,,,,,1951-03-07,51,,,,,,,178.0,1924,178.0,2045,,,86.0,1311,86.0,1450,86.0,1569,,,,,,,,,,,,,,,,,,,,,,,,,,,,,,,,
,,,,,,1951-03-16,51,,,,,,,180.0,1779,180.0,1955,,,71.0,1283,83.0,1420,60.0,1556,,,,,,,,,,,,,,,,,,,,,,,,,,,,,,,,
,,,,,,1949-06-29,50,,,,,,,177.0,1628,177.0,1870,,,60.0,1280,64.0,1403,64.0,1544,,,,,,,,,,,,,,,,,,,,,,,,,,,,,,,,
,,,,,,1945-01-16,50,,,,,,,155.0,1551,155.0,1757,,,84.0,1271,81.0,1385,66.0,1544,,,,,,,,,,,,,,,,,,,,,,,,,,,,,,,,
,,,,,,List truncated...,,,,,,,,179.0,1525,179.0,1608,,,95.0,1228,60.0,1369,62.0,1516,,,,,,,,,,,,,,,,,,,,,,,,,,,,,,,,
,,,,,,,,,,,,,,182.0,1329,182.0,1378,,,81.0,1202,62.0,1352,88.0,1473,,,,,,,,,,,,,,,,,,,,,,,,,,,,,,,,
,,,,,,,,,,,,,,154.0,1214,154.0,1232,,,88.0,1202,61.0,1348,81.0,1402,,,,,,,,,,,,,,,,,,,,,,,,,,,,,,,,
,,,,,,,,,,,,,,181.0,1094,181.0,1225,,,66.0,1172,66.0,1323,100.0,1306,,,,,,,,,,,,,,,,,,,,,,,,,,,,,,,,
,,,,,,,,,,,,,,153.0,1024,183.0,1029,,,100.0,1102,87.0,1276,95.0,1295,,,,,,,,,,,,,,,,,,,,,,,,,,,,,,,,
,,,,,,,,,,,,,,183.0,920,153.0,1022,,,87.0,1080,100.0,1245,92.0,1265,,,,,,,,,,,,,,,,,,,,,,,,,,,,,,,,
,,,,,,,,,,,,,,152.0,822,152.0,928,,,92.0,1069,89.0,1134,61.0,1251,,,,,,,,,,,,,,,,,,,,,,,,,,,,,,,,
,,,,,,,,,,,,,,184.0,799,184.0,848,,,59.0,1036,95.0,1123,87.0,1236,,,,,,,,,,,,,,,,,,,,,,,,,,,,,,,,
,,,,,,,,,,,,,,150.0,674,185.0,700,,,94.0,989,92.0,1099,58.0,1230,,,,,,,,,,,,,,,,,,,,,,,,,,,,,,,,
,,,,,,,,,,,,,,185.0,633,150.0,677,,,93.0,985,93.0,1045,89.0,1154,,,,,,,,,,,,,,,,,,,,,,,,,,,,,,,,
,,,,,,,,,,,,,,186.0,569,186.0,637,,,89.0,984,96.0,1041,93.0,1143,,,,,,,,,,,,,,,,,,,,,,,,,,,,,,,,
,,,,,,,,,,,,,,165.5,538,151.0,469,,,58.0,983,57.0,1040,59.0,1090,,,,,,,,,,,,,,,,,,,,,,,,,,,,,,,,
,,,,,,,,,,,,,,162.5,512,187.0,432,,,61.0,977,91.0,1005,94.0,1084,,,,,,,,,,,,,,,,,,,,,,,,,,,,,,,,
,,,,,,,,,,,,,,164.5,503,188.0,429,,,57.0,949,58.0,993,57.0,1033,,,,,,,,,,,,,,,,,,,,,,,,,,,,,,,,
,,,,,,,,,,,,,,160.5,502,162.5,421,,,91.0,898,98.0,941,96.0,1029,,,,,,,,,,,,,,,,,,,,,,,,,,,,,,,,
,,,,,,,,,,,,,,163.5,446,161.5,396,,,98.0,861,59.0,930,98.0,1003,,,,,,,,,,,,,,,,,,,,,,,,,,,,,,,,
,,,,,,,,,,,,,,161.5,438,164.5,384,,,96.0,854,94.0,919,91.0,973,,,,,,,,,,,,,,,,,,,,,,,,,,,,,,,,
,,,,,,,,,,,,,,188.0,424,160.5,368,,,55.0,851,55.0,887,97.0,969,,,,,,,,,,,,,,,,,,,,,,,,,,,,,,,,
,,,,,,,,,,,,,,151.0,419,163.5,362,,,97.0,842,56.0,875,56.0,958,,,,,,,,,,,,,,,,,,,,,,,,,,,,,,,,
,,,,,,,,,,,,,,167.5,394,165.5,355,,,56.0,791,97.0,852,55.0,942,,,,,,,,,,,,,,,,,,,,,,,,,,,,,,,,
,,,,,,,,,,,,,,187.0,389,190.0,310,,,54.0,765,105.0,778,105.0,838,,,,,,,,,,,,,,,,,,,,,,,,,,,,,,,,
,,,,,,,,,,,,,,159.5,381,159.5,305,,,110.0,658,110.0,728,54.0,772,,,,,,,,,,,,,,,,,,,,,,,,,,,,,,,,
,,,,,,,,,,,,,,173.5,381,158.5,303,,,103.0,615,54.0,725,110.0,752,,,,,,,,,,,,,,,,,,,,,,,,,,,,,,,,
,,,,,,,,,,,,,,158.5,358,149.0,301,,,105.0,600,102.0,660,52.0,672,,,,,,,,,,,,,,,,,,,,,,,,,,,,,,,,
,,,,,,,,,,,,,,166.5,358,167.5,282,,,52.0,560,99.0,654,103.0,656,,,,,,,,,,,,,,,,,,,,,,,,,,,,,,,,
,,,,,,,,,,,,,,168.5,348,166.5,269,,,99.0,537,53.0,640,99.0,655,,,,,,,,,,,,,,,,,,,,,,,,,,,,,,,,
,,,,,,,,,,,,,,169.5,342,148.0,268,,,102.0,520,103.0,637,102.0,648,,,,,,,,,,,,,,,,,,,,,,,,,,,,,,,,
,,,,,,,,,,,,,,172.5,340,168.5,233,,,104.0,500,52.0,627,104.0,634,,,,,,,,,,,,,,,,,,,,,,,,,,,,,,,,
,,,,,,,,,,,,,,175.5,319,157.5,232,,,53.0,465,104.0,616,53.0,628,,,,,,,,,,,,,,,,,,,,,,,,,,,,,,,,
,,,,,,,,,,,,,,157.5,302,172.5,225,,,51.0,464,101.0,556,50.0,534,,,,,,,,,,,,,,,,,,,,,,,,,,,,,,,,
,,,,,,,,,,,,,,170.5,298,169.5,223,,,108.0,451,50.0,535,107.0,519,,,,,,,,,,,,,,,,,,,,,,,,,,,,,,,,
,,,,,,,,,,,,,,171.5,297,175.5,214,,,107.0,428,107.0,504,106.0,509,,,,,,,,,,,,,,,,,,,,,,,,,,,,,,,,
,,,,,,,,,,,,,,149.0,288,189.0,212,,,106.0,413,51.0,496,101.0,509,,,,,,,,,,,,,,,,,,,,,,,,,,,,,,,,
,,,,,,,,,,,,,,156.5,277,171.5,210,,,101.0,399,106.0,439,51.0,507,,,,,,,,,,,,,,,,,,,,,,,,,,,,,,,,
,,,,,,,,,,,,,,190.0,276,170.5,208,,,50.0,386,108.0,425,108.0,502,,,,,,,,,,,,,,,,,,,,,,,,,,,,,,,,
,,,,,,,,,,,,,,177.5,270,156.5,207,,,115.0,371,120.0,411,115.0,458,,,,,,,,,,,,,,,,,,,,,,,,,,,,,,,,
,,,,,,,,,,,,,,174.5,262,173.5,207,,,109.0,352,112.0,402,109.0,403,,,,,,,,,,,,,,,,,,,,,,,,,,,,,,,,
,,,,,,,,,,,,,,178.5,258,191.0,191,,,83.5,343,115.0,399,120.0,396,,,,,,,,,,,,,,,,,,,,,,,,,,,,,,,,
,,,,,,,,,,,,,,148.0,246,174.5,183,,,67.5,341,49.0,373,112.0,374,,,,,,,,,,,,,,,,,,,,,,,,,,,,,,,,
,,,,,,,,,,,,,,179.5,224,147.0,163,,,120.0,339,109.0,368,113.0,353,,,,,,,,,,,,,,,,,,,,,,,,,,,,,,,,
,,,,,,,,,,,,,,154.5,210,192.0,158,,,112.0,336,113.0,360,114.0,324,,,,,,,,,,,,,,,,,,,,,,,,,,,,,,,,
,,,,,,,,,,,,,,176.5,202,155.5,150,,,73.5,327,118.0,343,49.0,320,,,,,,,,,,,,,,,,,,,,,,,,,,,,,,,,
,,,,,,,,,,,,,,146.0,187,177.5,149,,,77.5,323,114.0,324,118.0,318,,,,,,,,,,,,,,,,,,,,,,,,,,,,,,,,
,,,,,,,,,,,,,,155.5,179,146.0,146,,,68.5,322,111.0,319,111.0,306,,,,,,,,,,,,,,,,,,,,,,,,,,,,,,,,
,,,,,,,,,,,,,,189.0,171,153.5,139,,,74.5,311,48.0,319,116.0,305,,,,,,,,,,,,,,,,,,,,,,,,,,,,,,,,
,,,,,,,,,,,,,,192.0,170,154.5,137,,,75.5,307,47.0,316,48.0,301,,,,,,,,,,,,,,,,,,,,,,,,,,,,,,,,
,,,,,,,,,,,,,,181.5,169,178.5,137,,,78.5,303,117.0,275,117.0,242,,,,,,,,,,,,,,,,,,,,,,,,,,,,,,,,
,,,,,,,,,,,,,,182.5,168,179.5,129,,,116.0,302,116.0,253,47.0,241,,,,,,,,,,,,,,,,,,,,,,,,,,,,,,,,
,,,,,,,,,,,,,,191.0,164,176.5,124,,,113.0,300,46.0,222,125.0,221,,,,,,,,,,,,,,,,,,,,,,,,,,,,,,,,
,,,,,,,,,,,,,,180.5,155,152.5,106,,,82.5,297,125.0,210,130.0,214,,,,,,,,,,,,,,,,,,,,,,,,,,,,,,,,
,,,,,,,,,,,,,,153.5,140,150.5,97,,,71.5,295,130.0,199,119.0,204,,,,,,,,,,,,,,,,,,,,,,,,,,,,,,,,
,,,,,,,,,,,,,,183.5,138,180.5,97,,,65.5,294,119.0,196,46.0,199,,,,,,,,,,,,,,,,,,,,,,,,,,,,,,,,
,,,,,,,,,,,,,,147.0,125,182.5,94,,,114.0,291,121.0,193,45.0,191,,,,,,,,,,,,,,,,,,,,,,,,,,,,,,,,
,,,,,,,,,,,,,,152.5,123,193.0,91,,,72.5,281,45.0,186,122.0,190,,,,,,,,,,,,,,,,,,,,,,,,,,,,,,,,
,,,,,,,,,,,,,,150.5,109,145.0,90,,,49.0,279,68.5,171,121.0,181,,,,,,,,,,,,,,,,,,,,,,,,,,,,,,,,
,,,,,,,,,,,,,,184.5,108,181.5,86,,,69.5,278,122.0,166,123.0,157,,,,,,,,,,,,,,,,,,,,,,,,,,,,,,,,
,,,,,,,,,,,,,,151.5,106,194.0,70,,,66.5,278,71.5,161,128.0,155,,,,,,,,,,,,,,,,,,,,,,,,,,,,,,,,
,,,,,,,,,,,,,,162.75,95,183.5,69,,,70.5,277,82.5,161,44.0,142,,,,,,,,,,,,,,,,,,,,,,,,,,,,,,,,
,,,,,,,,,,,,,,162.25,78,151.5,68,,,61.5,276,87.5,160,124.0,133,,,,,,,,,,,,,,,,,,,,,,,,,,,,,,,,
,,,,,,,,,,,,,,145.0,77,144.0,64,,,79.5,265,62.5,157,135.0,122,,,,,,,,,,,,,,,,,,,,,,,,,,,,,,,,
,,,,,,,,,,,,,,166.25,72,196.0,62,,,111.0,264,65.5,154,70.5,121,,,,,,,,,,,,,,,,,,,,,,,,,,,,,,,,
,,,,,,,,,,,,,,164.75,72,184.5,59,,,63.5,262,70.5,152,127.0,121,,,,,,,,,,,,,,,,,,,,,,,,,,,,,,,,
,,,,,,,,,,,,,,144.0,69,164.8,56,,,86.5,256,44.0,148,71.5,120,,,,,,,,,,,,,,,,,,,,,,,,,,,,,,,,
,,,,,,,,,,,,,,187.5,68,143.0,51,,,48.0,252,126.0,144,126.0,118,,,,,,,,,,,,,,,,,,,,,,,,,,,,,,,,
,,,,,,,,,,,,,,193.0,68,List truncated...,,,,84.5,252,59.5,144,43.0,115,,,,,,,,,,,,,,,,,,,,,,,,,,,,,,,,
,,,,,,,,,,,,,,194.0,67,,,,,62.5,250,73.5,140,140.0,114,,,,,,,,,,,,,,,,,,,,,,,,,,,,,,,,
,,,,,,,,,,,,,,196.0,65,,,,,64.5,244,123.0,138,68.5,113,,,,,,,,,,,,,,,,,,,,,,,,,,,,,,,,
,,,,,,,,,,,,,,167.75,64,,,,,88.5,239,69.5,138,75.5,109,,,,,,,,,,,,,,,,,,,,,,,,,,,,,,,,
,,,,,,,,,,,,,,149.5,63,,,,,90.5,234,140.0,137,63.5,103,,,,,,,,,,,,,,,,,,,,,,,,,,,,,,,,
,,,,,,,,,,,,,,163.25,60,,,,,81.5,229,80.5,136,72.5,102,,,,,,,,,,,,,,,,,,,,,,,,,,,,,,,,
,,,,,,,,,,,,,,159.75,58,,,,,85.5,226,127.0,133,74.5,101,,,,,,,,,,,,,,,,,,,,,,,,,,,,,,,,
,,,,,,,,,,,,,,186.5,57,,,,,87.5,226,72.5,132,64.5,100,,,,,,,,,,,,,,,,,,,,,,,,,,,,,,,,
,,,,,,,,,,,,,,161.25,56,,,,,76.5,224,124.0,131,82.5,99,,,,,,,,,,,,,,,,,,,,,,,,,,,,,,,,
,,,,,,,,,,,,,,164.25,56,,,,,80.5,219,64.5,131,62.5,97,,,,,,,,,,,,,,,,,,,,,,,,,,,,,,,,
,,,,,,,,,,,,,,177.25,55,,,,,118.0,201,79.5,128,65.5,96,,,,,,,,,,,,,,,,,,,,,,,,,,,,,,,,
,,,,,,,,,,,,,,185.5,55,,,,,45.0,198,75.5,125,77.5,95,,,,,,,,,,,,,,,,,,,,,,,,,,,,,,,,
,,,,,,,,,,,,,,170.75,54,,,,,92.5,198,128.0,124,84.5,95,,,,,,,,,,,,,,,,,,,,,,,,,,,,,,,,
,,,,,,,,,,,,,,169.25,51,,,,,94.5,196,63.5,123,59.5,94,,,,,,,,,,,,,,,,,,,,,,,,,,,,,,,,
,,,,,,,,,,,,,,List truncated...,,,,,,95.5,187,85.5,122,87.5,94,,,,,,,,,,,,,,,,,,,,,,,,,,,,,,,,
,,,,,,,,,,,,,,,,,,,,58.5,183,60.5,122,42.0,93,,,,,,,,,,,,,,,,,,,,,,,,,,,,,,,,
,,,,,,,,,,,,,,,,,,,,89.5,180,77.5,119,83.5,92,,,,,,,,,,,,,,,,,,,,,,,,,,,,,,,,
,,,,,,,,,,,,,,,,,,,,121.0,179,78.5,118,79.5,92,,,,,,,,,,,,,,,,,,,,,,,,,,,,,,,,
,,,,,,,,,,,,,,,,,,,,98.5,175,135.0,118,86.5,90,,,,,,,,,,,,,,,,,,,,,,,,,,,,,,,,
,,,,,,,,,,,,,,,,,,,,125.0,175,67.5,116,73.5,90,,,,,,,,,,,,,,,,,,,,,,,,,,,,,,,,
,,,,,,,,,,,,,,,,,,,,47.0,175,74.5,116,78.5,88,,,,,,,,,,,,,,,,,,,,,,,,,,,,,,,,
,,,,,,,,,,,,,,,,,,,,117.0,175,84.5,115,58.5,87,,,,,,,,,,,,,,,,,,,,,,,,,,,,,,,,
,,,,,,,,,,,,,,,,,,,,59.5,171,58.5,115,129.0,86,,,,,,,,,,,,,,,,,,,,,,,,,,,,,,,,
,,,,,,,,,,,,,,,,,,,,91.5,169,83.5,114,76.5,82,,,,,,,,,,,,,,,,,,,,,,,,,,,,,,,,
,,,,,,,,,,,,,,,,,,,,60.5,168,42.0,110,66.5,81,,,,,,,,,,,,,,,,,,,,,,,,,,,,,,,,
,,,,,,,,,,,,,,,,,,,,119.0,158,67.8,107,131.0,81,,,,,,,,,,,,,,,,,,,,,,,,,,,,,,,,
,,,,,,,,,,,,,,,,,,,,130.0,150,76.5,107,85.5,80,,,,,,,,,,,,,,,,,,,,,,,,,,,,,,,,
,,,,,,,,,,,,,,,,,,,,96.5,146,61.5,104,81.5,80,,,,,,,,,,,,,,,,,,,,,,,,,,,,,,,,
,,,,,,,,,,,,,,,,,,,,97.5,146,95.5,102,61.5,80,,,,,,,,,,,,,,,,,,,,,,,,,,,,,,,,
,,,,,,,,,,,,,,,,,,,,99.5,144,43.0,97,69.5,79,,,,,,,,,,,,,,,,,,,,,,,,,,,,,,,,
,,,,,,,,,,,,,,,,,,,,55.5,140,89.5,93,80.5,79,,,,,,,,,,,,,,,,,,,,,,,,,,,,,,,,
,,,,,,,,,,,,,,,,,,,,44.0,136,63.8,93,132.0,77,,,,,,,,,,,,,,,,,,,,,,,,,,,,,,,,
,,,,,,,,,,,,,,,,,,,,57.5,134,129.0,93,150.0,75,,,,,,,,,,,,,,,,,,,,,,,,,,,,,,,,
,,,,,,,,,,,,,,,,,,,,103.5,133,65.8,92,67.5,73,,,,,,,,,,,,,,,,,,,,,,,,,,,,,,,,
,,,,,,,,,,,,,,,,,,,,102.5,132,91.5,90,88.5,73,,,,,,,,,,,,,,,,,,,,,,,,,,,,,,,,
,,,,,,,,,,,,,,,,,,,,46.0,132,87.4,87,133.0,72,,,,,,,,,,,,,,,,,,,,,,,,,,,,,,,,
,,,,,,,,,,,,,,,,,,,,54.5,129,90.5,86,40.0,72,,,,,,,,,,,,,,,,,,,,,,,,,,,,,,,,
,,,,,,,,,,,,,,,,,,,,128.0,128,150.0,84,41.0,71,,,,,,,,,,,,,,,,,,,,,,,,,,,,,,,,
,,,,,,,,,,,,,,,,,,,,123.0,126,131.0,84,92.5,68,,,,,,,,,,,,,,,,,,,,,,,,,,,,,,,,
,,,,,,,,,,,,,,,,,,,,93.5,125,88.5,83,89.5,67,,,,,,,,,,,,,,,,,,,,,,,,,,,,,,,,
,,,,,,,,,,,,,,,,,,,,122.0,124,86.5,83,91.5,67,,,,,,,,,,,,,,,,,,,,,,,,,,,,,,,,
,,,,,,,,,,,,,,,,,,,,53.5,114,98.5,82,90.5,65,,,,,,,,,,,,,,,,,,,,,,,,,,,,,,,,
,,,,,,,,,,,,,,,,,,,,101.5,113,59.8,82,60.5,65,,,,,,,,,,,,,,,,,,,,,,,,,,,,,,,,
,,,,,,,,,,,,,,,,,,,,56.5,111,85.4,80,56.5,65,,,,,,,,,,,,,,,,,,,,,,,,,,,,,,,,
,,,,,,,,,,,,,,,,,,,,135.0,111,81.5,77,57.5,65,,,,,,,,,,,,,,,,,,,,,,,,,,,,,,,,
,,,,,,,,,,,,,,,,,,,,124.0,110,132.0,76,137.0,59,,,,,,,,,,,,,,,,,,,,,,,,,,,,,,,,
,,,,,,,,,,,,,,,,,,,,104.5,105,57.5,76,55.5,59,,,,,,,,,,,,,,,,,,,,,,,,,,,,,,,,
,,,,,,,,,,,,,,,,,,,,127.0,100,75.4,76,95.5,59,,,,,,,,,,,,,,,,,,,,,,,,,,,,,,,,
,,,,,,,,,,,,,,,,,,,,126.0,97,86.6,74,136.0,58,,,,,,,,,,,,,,,,,,,,,,,,,,,,,,,,
,,,,,,,,,,,,,,,,,,,,108.5,97,66.5,73,54.5,56,,,,,,,,,,,,,,,,,,,,,,,,,,,,,,,,
,,,,,,,,,,,,,,,,,,,,112.5,95,92.5,72,134.0,56,,,,,,,,,,,,,,,,,,,,,,,,,,,,,,,,
,,,,,,,,,,,,,,,,,,,,140.0,91,60.4,72,94.5,55,,,,,,,,,,,,,,,,,,,,,,,,,,,,,,,,
,,,,,,,,,,,,,,,,,,,,100.5,88,67.4,71,93.5,53,,,,,,,,,,,,,,,,,,,,,,,,,,,,,,,,
,,,,,,,,,,,,,,,,,,,,52.5,87,86.4,71,38.0,51,,,,,,,,,,,,,,,,,,,,,,,,,,,,,,,,
,,,,,,,,,,,,,,,,,,,,113.5,86,137.0,67,139.0,50,,,,,,,,,,,,,,,,,,,,,,,,,,,,,,,,
,,,,,,,,,,,,,,,,,,,,51.5,83,94.2,67,List truncated...,,,,,,,,,,,,,,,,,,,,,,,,,,,,,,,,,
,,,,,,,,,,,,,,,,,,,,107.5,83,55.5,67,,,,,,,,,,,,,,,,,,,,,,,,,,,,,,,,,,
,,,,,,,,,,,,,,,,,,,,42.0,82,51.5,67,,,,,,,,,,,,,,,,,,,,,,,,,,,,,,,,,,
,,,,,,,,,,,,,,,,,,,,105.5,79,136.0,67,,,,,,,,,,,,,,,,,,,,,,,,,,,,,,,,,,
,,,,,,,,,,,,,,,,,,,,48.5,73,67.6,66,,,,,,,,,,,,,,,,,,,,,,,,,,,,,,,,,,
,,,,,,,,,,,,,,,,,,,,43.0,69,66.4,65,,,,,,,,,,,,,,,,,,,,,,,,,,,,,,,,,,
,,,,,,,,,,,,,,,,,,,,110.5,68,134.0,65,,,,,,,,,,,,,,,,,,,,,,,,,,,,,,,,,,
,,,,,,,,,,,,,,,,,,,,119.5,67,74.4,64,,,,,,,,,,,,,,,,,,,,,,,,,,,,,,,,,,
,,,,,,,,,,,,,,,,,,,,129.0,67,51.1,63,,,,,,,,,,,,,,,,,,,,,,,,,,,,,,,,,,
,,,,,,,,,,,,,,,,,,,,49.5,67,133.0,62,,,,,,,,,,,,,,,,,,,,,,,,,,,,,,,,,,
,,,,,,,,,,,,,,,,,,,,109.5,67,61.8,62,,,,,,,,,,,,,,,,,,,,,,,,,,,,,,,,,,
,,,,,,,,,,,,,,,,,,,,106.5,66,40.0,62,,,,,,,,,,,,,,,,,,,,,,,,,,,,,,,,,,
,,,,,,,,,,,,,,,,,,,,137.0,65,56.6,61,,,,,,,,,,,,,,,,,,,,,,,,,,,,,,,,,,
,,,,,,,,,,,,,,,,,,,,121.5,65,76.6,61,,,,,,,,,,,,,,,,,,,,,,,,,,,,,,,,,,
,,,,,,,,,,,,,,,,,,,,131.0,62,94.5,60,,,,,,,,,,,,,,,,,,,,,,,,,,,,,,,,,,
,,,,,,,,,,,,,,,,,,,,114.5,60,54.5,59,,,,,,,,,,,,,,,,,,,,,,,,,,,,,,,,,,
,,,,,,,,,,,,,,,,,,,,40.0,60,76.4,59,,,,,,,,,,,,,,,,,,,,,,,,,,,,,,,,,,
,,,,,,,,,,,,,,,,,,,,143.0,59,93.5,59,,,,,,,,,,,,,,,,,,,,,,,,,,,,,,,,,,
,,,,,,,,,,,,,,,,,,,,56.75,56,52.5,58,,,,,,,,,,,,,,,,,,,,,,,,,,,,,,,,,,
,,,,,,,,,,,,,,,,,,,,132.0,55,68.8,58,,,,,,,,,,,,,,,,,,,,,,,,,,,,,,,,,,
,,,,,,,,,,,,,,,,,,,,150.0,55,99.5,58,,,,,,,,,,,,,,,,,,,,,,,,,,,,,,,,,,
,,,,,,,,,,,,,,,,,,,,133.0,53,41.0,57,,,,,,,,,,,,,,,,,,,,,,,,,,,,,,,,,,
,,,,,,,,,,,,,,,,,,,,111.5,53,139.0,56,,,,,,,,,,,,,,,,,,,,,,,,,,,,,,,,,,
,,,,,,,,,,,,,,,,,,,,117.5,53,66.6,56,,,,,,,,,,,,,,,,,,,,,,,,,,,,,,,,,,
,,,,,,,,,,,,,,,,,,,,115.5,50,97.5,56,,,,,,,,,,,,,,,,,,,,,,,,,,,,,,,,,,
,,,,,,,,,,,,,,,,,,,,39.0,50,47.5,54,,,,,,,,,,,,,,,,,,,,,,,,,,,,,,,,,,
,,,,,,,,,,,,,,,,,,,,List truncated...,,64.4,53,,,,,,,,,,,,,,,,,,,,,,,,,,,,,,,,,,
,,,,,,,,,,,,,,,,,,,,,,49.5,53,,,,,,,,,,,,,,,,,,,,,,,,,,,,,,,,,,
,,,,,,,,,,,,,,,,,,,,,,59.4,52,,,,,,,,,,,,,,,,,,,,,,,,,,,,,,,,,,
,,,,,,,,,,,,,,,,,,,,,,79.2,52,,,,,,,,,,,,,,,,,,,,,,,,,,,,,,,,,,
,,,,,,,,,,,,,,,,,,,,,,56.5,51,,,,,,,,,,,,,,,,,,,,,,,,,,,,,,,,,,
,,,,,,,,,,,,,,,,,,,,,,87.3,51,,,,,,,,,,,,,,,,,,,,,,,,,,,,,,,,,,
,,,,,,,,,,,,,,,,,,,,,,78.3,50,,,,,,,,,,,,,,,,,,,,,,,,,,,,,,,,,,
,,,,,,,,,,,,,,,,,,,,,,89.8,50,,,,,,,,,,,,,,,,,,,,,,,,,,,,,,,,,,
,,,,,,,,,,,,,,,,,,,,,,62.4,50,,,,,,,,,,,,,,,,,,,,,,,,,,,,,,,,,,
,,,,,,,,,,,,,,,,,,,,,,69.4,50,,,,,,,,,,,,,,,,,,,,,,,,,,,,,,,,,,
,,,,,,,,,,,,,,,,,,,,,,List truncated...,,,,,,,,,,,,,,,,,,,,,,,,,,,,,,,,,,,
