DRUG,Frequency,DRUG_DEF,Frequency,VACCINE_PROTECTION,Frequency,PRODUCT_NUMBER,Frequency,METHOD,Frequency,INJECTION_SITE,Frequency,COVID,Frequency,VACCINATION_AGE,Frequency,APPROX_VACCINATION_DATE,Frequency
J07BB02,1562020,,3892427,,2983454,,2066500,IM,4350278,VO,3258324,0,2677527,71.22,1649,2023-11-20,8866
J07BX03,1383607,INFLU,303150,29,699077,488024,712644,,141671,OO,836197,1,1848667,68.59,1622,2023-11-21,8860
,712703,TdTEH,35933,12,695616,193843,496545,SC,23253,,399571,,61,72.63,1602,2023-11-16,8709
J07BN01,343081,INF65,23587,10,79043,527182,215912,PO,4435,VR,12155,,,68.45,1598,2023-11-15,8679
J07AM51,148580,PUUTIA,12442,7,74554,476238,127152,ID,4113,OR,11353,,,70.15,1596,2023-11-14,8572
J07BA01,106677,HABVY,12045,2,72670,128394,125043,IN,1283,VP,3558,,,69.55,1594,2023-11-17,8568
J07AL02,55612,Influ,11609,14,22075,485348,116916,MUU,1222,OP,2853,,,71.45,1591,2023-11-18,8451
J07BC20,41152,COV19,10441,5,19249,72046,79513,,,OTHER,2244,,,69.35,1588,2023-11-19,8361
J07BC01,31338,INFy65,8769,6,17766,41332,68570,,,,,,,70.33,1583,2023-11-13,8297
J07AJ52,26025,dtap,8413,34,16275,454476,41563,,,,,,,71.44,1581,2023-11-22,8112
J07BD52,15518,dT,8102,13,14197,517806,40321,,,,,,,0.25,1580,2023-11-23,8102
J07BK03,13620,INFR,6965,30,13662,553555,34534,,,,,,,70.58,1579,2023-11-10,7961
J07BC02,13249,KORONA,6725,15,4611,143534,33305,,,,,,,70.55,1577,2023-11-12,7889
J07BM02,11671,INFLA,6114,20,4412,545117,31815,,,,,,,69.6,1576,2023-11-11,7833
J07,6279,PNEUMO,6094,16,4277,516605,23597,,,,,,,72.29,1575,2023-11-09,7690
J07BF03,5500,KORON1,5368,99,2997,507366,23180,,,,,,,70.47,1573,2023-11-24,7667
J07AL01,5418,INF,4635,17,2622,69553,19996,,,,,,,69.29,1571,2023-11-08,7399
J07CA06,4518,HAV,3977,21,2595,154149,18908,,,,,,,65.01,1570,2023-11-25,7350
J07BL01,4047,COVID,3699,4,2586,578912,18866,,,,,,,70.42,1569,2023-11-07,7234
J07BK01,3914,INFMUU,3489,23,2365,116928,16956,,,,,,,69.77,1569,2023-11-26,7116
J07AH08,3584,INFROK,3440,9,1593,595991,14704,,,,,,,68.68,1568,2023-11-27,7105
J07AL52,3027,MPR1,3324,22,1364,170636,13702,,,,,,,68.72,1567,2023-11-28,7010
J07BH02,2759,PCV1,3286,3,1236,402651,12719,,,,,,,69.27,1564,2023-11-06,6884
J07BK02,2640,HBV1,3251,11,1035,176947,12287,,,,,,,68.42,1564,2022-11-07,6836
J07BB01,2468,HBV2,3247,18,1027,170092,11961,,,,,,,69.5,1562,2022-11-08,6695
J07CA02,2240,HBV3,2934,33,777,371335,11936,,,,,,,67.44,1559,2022-11-13,6692
J07BA02,2155,CORONA,2898,8,473,64733,11492,,,,,,,69.38,1557,2023-11-29,6666
J07AP03,2106,INFTER,2660,1,420,424470,10214,,,,,,,69.9,1556,2022-11-10,6621
J07BB03,2024,HBV,2592,92,394,53401,9525,,,,,,,69.44,1555,2022-11-14,6587
J07BN02,1583,PNEU,2278,31,297,426850,7573,,,,,,,69.47,1554,2022-11-16,6549
J07BG01,1378,INFL1,2200,32,227,506578,7558,,,,,,,69.57,1554,2022-11-15,6547
J07BD54,797,Infrok,2178,19,225,108328,6517,,,,,,,73.7,1554,2023-11-05,6525
J07BN04,690,COVID1,2154,27,28,165049,5790,,,,,,,68.57,1552,2022-11-17,6524
J07BX05,689,HPV,2096,24,27,397916,4770,,,,,,,67.62,1550,2022-11-12,6517
J07AH09,637,FinFlu,2087,25,27,113606,4666,,,,,,,69.63,1550,2022-11-09,6508
J07BM03,597,INFsai,2062,26,27,89077,3308,,,,,,,69.93,1548,2022-11-11,6459
J07AG01,526,MPR2,2040,28,16,460972,3123,,,,,,,69.43,1548,2021-12-29,6454
J07AE01,452,INFY64,1991,List truncated...,,53231,2979,,,,,,,70.41,1548,2021-12-31,6451
J07BM01,317,PNEUM,1950,,,5085,2973,,,,,,,66.52,1547,2023-11-30,6439
J07BX04,206,INFN,1827,,,13633,2927,,,,,,,68.52,1545,2021-11-16,6423
J07AP01,162,PCV,1790,,,182303,2838,,,,,,,68.75,1545,2021-11-17,6422
J07AH04,148,INFläh,1743,,,182080,2614,,,,,,,72.46,1544,2022-11-18,6387
J07AN01,91,Covid,1695,,,585869,2471,,,,,,,70.19,1543,2021-12-30,6383
J07BX,51,INF1,1666,,,62507,1957,,,,,,,70.67,1543,2021-11-18,6372
J07BX01,50,Fluarix,1585,,,63196,1866,,,,,,,68.6,1542,2021-12-23,6338
List truncated...,,AINFLU,1553,,,16673,1673,,,,,,,66.49,1542,2021-12-24,6307
,,MPR,1466,,,28342,1656,,,,,,,74.69,1541,2021-12-22,6305
,,COV-P1,1389,,,502,1643,,,,,,,69.61,1541,2021-12-28,6300
,,HABVY2,1389,,,576856,1517,,,,,,,68.4,1541,2021-11-10,6291
,,Vaxigrip,1376,,,62498,1421,,,,,,,69.7,1541,2022-11-06,6291
,,DTaP-IPV-Hib,1336,,,436303,1418,,,,,,,69.37,1540,2021-11-11,6265
,,HABVY3,1302,,,181862,1383,,,,,,,75.25,1540,2021-12-21,6261
,,PPV,1291,,,121444,1226,,,,,,,68.46,1540,2021-12-07,6257
,,KELTA,1229,,,472332,1181,,,,,,,71.16,1540,2022-11-05,6256
,,POLTEH,1202,,,373611,1163,,,,,,,71.83,1539,2021-12-27,6229
,,Influvac,1198,,,157068,987,,,,,,,71.48,1538,2021-11-19,6213
,,Pneumokokki PCV,1169,,,390034,982,,,,,,,69.81,1535,2021-11-12,6199
,,INFamm,1165,,,427326,974,,,,,,,67.99,1535,2022-01-03,6191
,,Covid1,1140,,,551586,845,,,,,,,67.48,1535,2023-11-04,6175
,,Influessa,1108,,,115445,804,,,,,,,71.73,1535,2021-12-08,6171
,,TETD,1099,,,170142,791,,,,,,,71.19,1534,2021-11-09,6151
,,PCV13,1034,,,810236,786,,,,,,,73.66,1533,2021-11-23,6118
,,HAV1,1004,,,28296,722,,,,,,,71.76,1533,2023-11-03,6109
,,diTeBooster,989,,,585005,670,,,,,,,67.71,1532,2021-11-08,6102
,,Rota,979,,,405597,639,,,,,,,70.81,1531,2024-10-29,6090
,,INR3,975,,,108317,634,,,,,,,70.3,1531,2022-11-04,6090
,,dT-teh,937,,,59659,614,,,,,,,70.27,1531,2021-12-25,6056
,,Muut,930,,,24492,597,,,,,,,67.21,1531,2021-12-14,6054
,,TBE3,909,,,176819,571,,,,,,,71.51,1531,2022-01-04,6054
,,INR>65,901,,,117303,566,,,,,,,71.57,1530,2021-11-15,6047
,,TBE2,882,,,385918,560,,,,,,,71.56,1530,2021-12-01,6044
,,TBE1,878,,,66678,535,,,,,,,72.2,1528,2022-01-11,6041
,,Pneumo,869,,,169734,530,,,,,,,69.69,1528,2022-01-05,6038
,,HAV2,864,,,509649,506,,,,,,,69.49,1527,2022-01-10,6021
,,Td1,827,,,810153,488,,,,,,,70.44,1527,2021-12-26,6011
,,VESIR,779,,,112431,484,,,,,,,69.78,1527,2022-01-02,6008
,,TBE,770,,,581896,481,,,,,,,68.63,1527,2021-11-13,6003
,,INRA65,745,,,46973,474,,,,,,,70.56,1526,2024-10-28,5998
,,PAPIL,716,,,116940,469,,,,,,,66.7,1526,2021-11-14,5995
,,INFL3,713,,,143511,463,,,,,,,70.16,1525,2021-12-06,5986
,,PAPILL,702,,,5089,434,,,,,,,70.21,1525,2022-11-03,5983
,,DTaP-IPV,689,,,75518,433,,,,,,,69.64,1525,2021-12-02,5981
,,PAPVI1,683,,,576544,421,,,,,,,71.77,1525,2021-11-25,5968
,,INFhoi,671,,,10348,418,,,,,,,69.2,1525,2022-01-12,5958
,,HABVY1,633,,,41312,415,,,,,,,68.74,1524,2021-11-21,5951
,,HAVHBV,631,,,539174,412,,,,,,,70.24,1523,2021-12-15,5950
,,PAPVI2,599,,,152354,406,,,,,,,75.33,1521,2021-11-24,5944
,,Td,595,,,539625,368,,,,,,,66.53,1521,2021-11-22,5938
,,dTte,577,,,142685,361,,,,,,,68.54,1520,2022-01-01,5937
,,INFLU4,567,,,90147,339,,,,,,,74.26,1518,2021-11-20,5928
,,COV-A1,553,,,140099,326,,,,,,,69.46,1518,2022-11-19,5893
,,INFRAS,551,,,458025,324,,,,,,,67.45,1518,2021-11-30,5889
,,IN3-64,532,,,505762,299,,,,,,,71.6,1518,2022-01-08,5881
,,INR,532,,,15628,297,,,,,,,71.25,1518,2021-12-16,5864
,,Influenssa,529,,,5096,275,,,,,,,66.45,1518,2024-10-25,5860
,,COV1,526,,,810386,266,,,,,,,67.68,1517,2023-11-02,5859
,,COV-2,523,,,421227,262,,,,,,,67.76,1517,2021-12-20,5857
,,HPV3,518,,,198901,260,,,,,,,70.13,1517,2024-10-30,5849
,,HABV,511,,,187817,257,,,,,,,72.74,1514,2024-10-23,5842
,,Pneu,509,,,554585,238,,,,,,,73.49,1514,2021-12-03,5823
,,COVROK,500,,,28333,208,,,,,,,66.47,1514,2021-11-07,5822
,,COM1,491,,,400144,206,,,,,,,72.51,1513,2022-01-06,5810
,,HPV2,491,,,80122,189,,,,,,,73.18,1513,2022-01-07,5798
,,PAPVI3,490,,,73275,182,,,,,,,71.04,1513,2022-11-02,5785
,,TETAdb,489,,,587002,181,,,,,,,72.69,1512,2021-11-26,5783
,,dTteho,483,,,199199,175,,,,,,,69.15,1512,2024-10-26,5782
,,INFHOI,466,,,392228,167,,,,,,,70.12,1512,2021-12-09,5781
,,INFr,465,,,481047,164,,,,,,,70.59,1512,2024-10-31,5772
,,HPV1,454,,,383919,157,,,,,,,68.2,1512,2022-11-21,5771
,,JAPA,446,,,35948,155,,,,,,,68.36,1512,2022-11-20,5766
,,INF65v,442,,,169664,145,,,,,,,68.43,1512,2022-01-09,5765
,,Td4,440,,,10943,141,,,,,,,71.41,1511,2023-12-01,5754
,,VaxigripTetra,418,,,163358,134,,,,,,,70.23,1510,2021-11-29,5754
,,INR2,406,,,483443,116,,,,,,,71.64,1510,2024-10-27,5750
,,PUUTI2,391,,,462967,112,,,,,,,68.26,1510,2024-10-24,5748
,,PUUTI1,386,,,436311,110,,,,,,,74.79,1508,2021-12-17,5745
,,PUUTI3,375,,,387817,99,,,,,,,70.61,1508,2021-12-04,5737
,,COV-M1,368,,,531760,99,,,,,,,75.54,1508,2021-11-06,5721
,,d T,362,,,4502,97,,,,,,,68.78,1508,2024-11-06,5712
,,HABV1,358,,,444109,90,,,,,,,68.25,1508,2022-01-13,5710
,,MENAC,356,,,63215,87,,,,,,,70.35,1507,2021-11-28,5689
,,MOD1,345,,,149829,80,,,,,,,70.62,1507,2021-11-04,5685
,,INR1,340,,,54858,80,,,,,,,67.51,1507,2024-11-04,5654
,,HABV2,333,,,142674,74,,,,,,,71.34,1507,2021-12-18,5650
,,INFL2,327,,,387208,70,,,,,,,70.29,1506,2022-11-22,5647
,,Covid3,323,,,122638,69,,,,,,,70.46,1506,2024-11-01,5641
,,HABV3,320,,,551380,67,,,,,,,68.19,1506,2021-12-13,5638
,,Tetanus,320,,,493963,66,,,,,,,68.28,1506,2021-12-10,5636
,,DTteho,313,,,16403,64,,,,,,,69.75,1505,2021-12-19,5634
,,influenssa,308,,,563010,62,,,,,,,71.3,1505,2021-11-27,5633
,,HBVR,305,,,398719,60,,,,,,,68.62,1505,2021-11-05,5627
,,PPV1,300,,,387416,58,,,,,,,71.36,1505,2021-12-05,5614
,,PUUTI,294,,,18811,55,,,,,,,66.68,1505,2022-11-01,5607
,,LAVANT,294,,,98722,51,,,,,,,72.13,1504,2022-11-23,5596
,,INFL,291,,,List truncated...,,,,,,,,69.41,1504,2024-11-05,5571
,,Pneum1,289,,,,,,,,,,,71.15,1504,2024-11-03,5545
,,influ,285,,,,,,,,,,,72.22,1503,2021-06-09,5539
,,AST1,277,,,,,,,,,,,69.92,1503,2022-01-14,5506
,,TBEt,277,,,,,,,,,,,72.57,1503,2024-11-02,5504
,,HAB,271,,,,,,,,,,,69.18,1502,2024-11-07,5492
,,DTaP1,262,,,,,,,,,,,69.58,1502,2022-11-24,5483
,,VESIR1,241,,,,,,,,,,,70.64,1502,2021-06-08,5471
,,COVID2,239,,,,,,,,,,,69.73,1502,2021-06-03,5452
,,PEF,235,,,,,,,,,,,67.34,1502,2024-10-22,5444
,,DTAP-I,234,,,,,,,,,,,67.5,1501,2021-12-11,5444
,,INFRA6,234,,,,,,,,,,,72.23,1501,2021-06-01,5423
,,HPV 1,225,,,,,,,,,,,70.5,1501,2021-06-02,5404
,,Twinrix,224,,,,,,,,,,,67.47,1501,2021-11-03,5399
,,ANTI-D,220,,,,,,,,,,,68.69,1501,2024-10-21,5395
,,dTt,218,,,,,,,,,,,68.92,1501,2021-12-12,5385
,,HPV 3,210,,,,,,,,,,,69.11,1500,2024-10-18,5380
,,HPV 2,207,,,,,,,,,,,69.21,1500,2021-11-02,5319
,,DTaP-1,207,,,,,,,,,,,73.72,1500,2024-11-08,5316
,,CORON2,207,,,,,,,,,,,69.14,1499,2023-12-02,5315
,,INFras,203,,,,,,,,,,,70.26,1499,2022-01-15,5310
,,DITE,201,,,,,,,,,,,69.66,1499,2021-06-10,5306
,,INFLUVAC,199,,,,,,,,,,,75.39,1499,2021-06-22,5295
,,DiTeBooster,198,,,,,,,,,,,68.51,1499,2024-10-15,5288
,,T-d,197,,,,,,,,,,,72.19,1498,2021-06-04,5275
,,COV-P2,187,,,,,,,,,,,67.42,1498,2023-11-01,5272
,,IMOVAX,186,,,,,,,,,,,69.96,1497,2022-01-17,5261
,,KOLERA,185,,,,,,,,,,,65.52,1497,2024-10-17,5255
,,TetanT,182,,,,,,,,,,,67.39,1497,2021-05-28,5255
,,FLUARIX,178,,,,,,,,,,,67.67,1496,2021-05-31,5248
,,Cervarix,175,,,,,,,,,,,75.82,1496,2022-01-16,5237
,,Prevenar 13,171,,,,,,,,,,,71.67,1496,2021-06-15,5225
,,KORON2,171,,,,,,,,,,,74.61,1495,2021-06-16,5225
,,CoV-2,168,,,,,,,,,,,71.54,1495,2022-10-31,5211
,,PREVEN,162,,,,,,,,,,,71.68,1495,2024-10-16,5203
,,INR 1,159,,,,,,,,,,,73.24,1495,2021-06-24,5189
,,PUUT1,158,,,,,,,,,,,69.17,1494,2022-10-30,5184
,,INFRIS,157,,,,,,,,,,,69.72,1494,2023-12-03,5176
,,PNEUM1,154,,,,,,,,,,,70.79,1493,2024-11-09,5158
,,InfFlu,154,,,,,,,,,,,72.34,1493,2021-06-07,5154
,,Covid2,153,,,,,,,,,,,72.72,1493,2022-11-25,5131
,,Prev,153,,,,,,,,,,,75.42,1493,2021-05-30,5129
,,PUUT2,152,,,,,,,,,,,73.55,1493,2021-06-06,5112
,,DTaP,150,,,,,,,,,,,71.7,1493,2021-06-11,5104
,,anti-D,148,,,,,,,,,,,70.73,1492,2024-10-20,5102
,,PUU,147,,,,,,,,,,,70.04,1492,2022-01-18,5098
,,RABIES,147,,,,,,,,,,,69.24,1492,2021-05-29,5078
,,INFLHK,146,,,,,,,,,,,67.24,1492,2021-05-25,5075
,,DTAP,145,,,,,,,,,,,67.54,1492,2021-06-21,5072
,,TBEb,143,,,,,,,,,,,73.63,1492,2021-06-14,5065
,,COVID19,143,,,,,,,,,,,73.2,1492,2021-06-05,5063
,,VESIR2,142,,,,,,,,,,,71.28,1492,2024-11-11,5063
,,HBVY,141,,,,,,,,,,,70.53,1491,2024-11-12,5059
,,PUUT3,138,,,,,,,,,,,65.67,1491,2021-05-26,5049
,,TicoVac,137,,,,,,,,,,,71.53,1491,2021-05-27,5038
,,Td3,135,,,,,,,,,,,73.08,1491,2021-06-23,5022
,,HA-HB1,132,,,,,,,,,,,68.65,1491,2022-01-19,5018
,,IPV1,129,,,,,,,,,,,72.66,1490,2021-05-24,5011
,,PPV23,128,,,,,,,,,,,70.18,1490,2021-06-17,5009
,,PnePPV,125,,,,,,,,,,,69.32,1490,2024-10-19,5006
,,HA-HB3,124,,,,,,,,,,,69.52,1490,2021-06-18,4994
,,HAVBVY,123,,,,,,,,,,,67.18,1490,2021-06-25,4991
,,InfVax,123,,,,,,,,,,,71.82,1490,2021-06-28,4955
,,PNE1,123,,,,,,,,,,,67.79,1489,2021-11-01,4952
,,HAV 1,122,,,,,,,,,,,71.71,1489,2024-10-14,4942
,,Td2,120,,,,,,,,,,,74.76,1488,2021-06-13,4938
,,Vaxigrip Tetra,120,,,,,,,,,,,70.38,1488,2024-11-10,4931
,,HA-HB2,119,,,,,,,,,,,68.8,1488,2022-10-28,4928
,,PCV3,117,,,,,,,,,,,75.73,1488,2024-11-13,4923
,,Prevenar,116,,,,,,,,,,,72.25,1487,2022-10-27,4921
,,tetanus-d,115,,,,,,,,,,,67.36,1487,2021-06-29,4921
,,INFOMA,114,,,,,,,,,,,75.18,1487,2021-06-12,4889
,,HAV 2,112,,,,,,,,,,,72.91,1486,2021-06-30,4888
,,diTe 3,110,,,,,,,,,,,74.3,1486,2022-10-29,4886
,,HIB1,110,,,,,,,,,,,68.31,1486,2021-05-20,4883
,,PCV2,109,,,,,,,,,,,66.65,1486,2021-07-01,4873
,,DT,108,,,,,,,,,,,74.33,1485,2021-06-19,4870
,,DT1,108,,,,,,,,,,,74.41,1485,2021-05-18,4853
,,HEPA+B,107,,,,,,,,,,,69.05,1485,2021-05-21,4852
,,HA+B2,105,,,,,,,,,,,71.65,1485,2021-05-19,4833
,,FinFluHD influenssa-,104,,,,,,,,,,,73.51,1485,2021-07-13,4821
,,Vaxigriptetra,104,,,,,,,,,,,68.49,1484,2023-12-04,4811
,,DTaP2,102,,,,,,,,,,,66.67,1484,2021-07-14,4805
,,INR4,101,,,,,,,,,,,67.53,1483,2023-10-31,4802
,,PnePCV,100,,,,,,,,,,,73.75,1483,2021-07-15,4778
,,PUUTIA II,98,,,,,,,,,,,66.61,1483,2021-06-20,4769
,,HA+B1,98,,,,,,,,,,,72.79,1482,2021-06-26,4758
,,VAXIGRIP,97,,,,,,,,,,,70.75,1481,2023-12-05,4757
,,vaxigrip,96,,,,,,,,,,,72.4,1481,2021-05-22,4753
,,ZOSTER,95,,,,,,,,,,,69.23,1481,2021-10-31,4749
,,dT 3,94,,,,,,,,,,,69.31,1481,2021-04-21,4749
,,HA+B3,93,,,,,,,,,,,70.49,1480,2021-07-06,4743
,,Imovax,92,,,,,,,,,,,67.31,1480,2022-11-26,4739
,,PAPIL2,92,,,,,,,,,,,67.59,1480,2022-11-28,4736
,,PNEUI,92,,,,,,,,,,,71.59,1480,2022-10-26,4728
,,Tetanus-d,91,,,,,,,,,,,68.16,1480,2022-11-27,4723
,,IPV,91,,,,,,,,,,,74.29,1479,2021-07-07,4698
,,PAPILR,89,,,,,,,,,,,69.08,1479,2021-04-22,4688
,,ROK2,89,,,,,,,,,,,73.38,1479,2021-05-13,4687
,,INFHK,89,,,,,,,,,,,70.69,1478,2021-05-23,4675
,,Boostrix,88,,,,,,,,,,,73.15,1478,2021-07-05,4671
,,DTaP3,87,,,,,,,,,,,73.41,1478,2021-07-08,4670
,,Ticovac,87,,,,,,,,,,,71.13,1478,2021-05-11,4665
,,PAPIL3,87,,,,,,,,,,,66.39,1478,2021-07-02,4664
,,PAPIL1,87,,,,,,,,,,,69.67,1477,2021-07-12,4657
,,Pneumovax,87,,,,,,,,,,,75.53,1477,2021-06-27,4649
,,TWINRI,87,,,,,,,,,,,75.64,1477,2024-10-13,4645
,,0INR1,86,,,,,,,,,,,71.96,1477,2021-10-29,4642
,,VAXIGRIPTETRA,84,,,,,,,,,,,74.59,1476,2022-11-29,4622
,,PAPI,84,,,,,,,,,,,67.96,1476,2021-05-12,4615
,,PUUTIA I,81,,,,,,,,,,,70.06,1475,2024-10-12,4612
,,Preva,76,,,,,,,,,,,70.36,1475,2024-11-14,4610
,,PNEUte,75,,,,,,,,,,,72.59,1474,2021-04-28,4609
,,influvac,73,,,,,,,,,,,72.52,1474,2022-01-20,4608
,,Prevenar13,72,,,,,,,,,,,70.03,1474,2021-05-14,4606
,,A+BHE1,72,,,,,,,,,,,67.28,1474,2022-11-30,4601
,,HBV4,72,,,,,,,,,,,73.64,1474,2021-05-17,4593
,,HEP B,71,,,,,,,,,,,74.32,1473,2021-04-27,4591
,,HABVY II,70,,,,,,,,,,,70.32,1473,2024-10-11,4583
,,Influenssarokote,70,,,,,,,,,,,75.59,1473,2021-05-06,4579
,,Co19 1,70,,,,,,,,,,,68.77,1473,2021-07-09,4553
,,HABIII,70,,,,,,,,,,,69.89,1472,2021-05-05,4547
,,INF5,69,,,,,,,,,,,67.85,1472,2021-10-28,4546
,,INFSAI,67,,,,,,,,,,,73.8,1471,2021-10-30,4539
,,Encepur,67,,,,,,,,,,,66.64,1471,2021-04-23,4533
,,Kor1,67,,,,,,,,,,,69.87,1470,2021-05-04,4512
,,MPRa,67,,,,,,,,,,,72.54,1470,2021-04-29,4512
,,MEACWY,67,,,,,,,,,,,72.86,1470,2024-10-10,4507
,,TETANUS,66,,,,,,,,,,,70.39,1470,2021-07-20,4503
,,* Influ, Influenssaroko,66,,,,,,,,,,,71.11,1470,2023-12-06,4488
,,IPVTEH,66,,,,,,,,,,,71.39,1470,2021-07-03,4486
,,A+BHE3,66,,,,,,,,,,,68.13,1470,2021-07-10,4459
,,POLIO,65,,,,,,,,,,,70.7,1469,2021-07-04,4456
,,HABII,64,,,,,,,,,,,71.33,1469,2021-04-20,4447
,,Polio,64,,,,,,,,,,,66.55,1469,2020-11-10,4447
,,A+BHE2,64,,,,,,,,,,,69.98,1468,2021-04-24,4446
,,PUUTIA III,64,,,,,,,,,,,75.65,1468,2021-07-16,4443
,,fluarix,64,,,,,,,,,,,68.32,1468,2023-10-30,4433
,,Imovax d.T,63,,,,,,,,,,,68.94,1468,2021-05-16,4425
,,MPRV,63,,,,,,,,,,,69.12,1467,2020-11-11,4423
,,INRR,63,,,,,,,,,,,73.43,1467,2021-07-11,4421
,,Havrix,62,,,,,,,,,,,72.17,1466,2021-05-07,4419
,,HABVY I,62,,,,,,,,,,,70.85,1466,2021-07-21,4418
,,IPV3,61,,,,,,,,,,,72.49,1466,2021-04-30,4417
,,dtap6,61,,,,,,,,,,,69.03,1466,2024-11-15,4408
,,TetdT,61,,,,,,,,,,,75.56,1466,2021-10-27,4405
,,HABI,60,,,,,,,,,,,71.27,1466,2024-11-16,4399
,,INFths,59,,,,,,,,,,,66.5,1465,2021-07-17,4386
,,* Influ, Influens,59,,,,,,,,,,,72.75,1464,2021-04-26,4383
,,HAEP1,59,,,,,,,,,,,68.71,1464,2024-10-09,4375
,,HABVY III,59,,,,,,,,,,,67.6,1463,2021-04-25,4371
,,TBETEH,58,,,,,,,,,,,70.99,1463,2024-11-18,4358
,,INFA65,57,,,,,,,,,,,72.71,1463,2022-01-21,4354
,,Vaxigrip tetra,56,,,,,,,,,,,74.23,1463,2021-05-08,4348
,,HABVYH,56,,,,,,,,,,,67.57,1463,2021-05-15,4344
,,Covid5,55,,,,,,,,,,,75.3,1463,2020-11-09,4321
,,diTe 4,54,,,,,,,,,,,73.52,1463,2021-05-10,4317
,,VYORU,54,,,,,,,,,,,73.4,1462,2021-07-19,4304
,,* Influ, Influenssarok,53,,,,,,,,,,,73.46,1462,2020-11-06,4280
,,PUUTI4,53,,,,,,,,,,,68.89,1462,2020-11-05,4278
,,TET-DT,53,,,,,,,,,,,69.54,1461,2021-04-14,4275
,,IPV2,52,,,,,,,,,,,75.47,1461,2020-11-13,4274
,,PREVE,52,,,,,,,,,,,75.41,1461,2021-05-03,4267
,,tetanus,52,,,,,,,,,,,73.17,1461,2021-07-18,4257
,,INFLR,52,,,,,,,,,,,68.34,1461,2021-04-19,4242
,,Puuta2,51,,,,,,,,,,,68.82,1461,2021-07-22,4224
,,Td-pur,51,,,,,,,,,,,72.82,1460,2021-04-16,4212
,,List truncated...,,,,,,,,,,,,67.56,1460,2020-11-12,4211
,,,,,,,,,,,,,,68.83,1460,2020-11-16,4206
,,,,,,,,,,,,,,66.62,1460,2020-11-07,4206
,,,,,,,,,,,,,,74.44,1459,2024-11-17,4203
,,,,,,,,,,,,,,70.1,1459,2020-11-14,4202
,,,,,,,,,,,,,,75.16,1459,2022-01-24,4189
,,,,,,,,,,,,,,66.15,1459,2024-10-08,4188
,,,,,,,,,,,,,,66.38,1459,2022-10-25,4183
,,,,,,,,,,,,,,72.39,1458,2023-12-07,4178
,,,,,,,,,,,,,,65.57,1458,2022-01-22,4175
,,,,,,,,,,,,,,66.58,1458,2021-04-17,4172
,,,,,,,,,,,,,,75.51,1456,2021-04-15,4167
,,,,,,,,,,,,,,68.98,1456,2018-11-14,4158
,,,,,,,,,,,,,,68.29,1456,2021-05-01,4155
,,,,,,,,,,,,,,70.78,1455,2021-10-26,4155
,,,,,,,,,,,,,,67.74,1455,2020-11-17,4152
,,,,,,,,,,,,,,65.53,1455,2020-11-04,4151
,,,,,,,,,,,,,,75.57,1455,2018-11-13,4143
,,,,,,,,,,,,,,68.39,1455,2022-12-01,4139
,,,,,,,,,,,,,,66.42,1455,2021-07-23,4125
,,,,,,,,,,,,,,68.17,1455,2021-05-09,4118
,,,,,,,,,,,,,,70.82,1454,2018-11-10,4109
,,,,,,,,,,,,,,67.14,1454,2021-07-27,4101
,,,,,,,,,,,,,,75.24,1454,2024-11-19,4094
,,,,,,,,,,,,,,66.73,1454,2021-04-13,4092
,,,,,,,,,,,,,,68.14,1454,2020-11-18,4087
,,,,,,,,,,,,,,67.4,1453,2021-05-02,4076
,,,,,,,,,,,,,,72.43,1453,2020-11-08,4066
,,,,,,,,,,,,,,74.18,1453,2021-07-28,4056
,,,,,,,,,,,,,,74.21,1453,2022-12-02,4053
,,,,,,,,,,,,,,73.28,1453,2021-04-18,4053
,,,,,,,,,,,,,,68.48,1453,2020-11-03,4044
,,,,,,,,,,,,,,68.05,1453,2020-11-15,4041
,,,,,,,,,,,,,,74.43,1452,2021-04-12,4029
,,,,,,,,,,,,,,70.09,1452,2022-01-23,4021
,,,,,,,,,,,,,,65.58,1452,2021-07-29,4016
,,,,,,,,,,,,,,73.77,1452,2017-11-08,4003
,,,,,,,,,,,,,,73.87,1452,2018-11-08,4002
,,,,,,,,,,,,,,73.26,1452,2017-11-11,3996
,,,,,,,,,,,,,,71.8,1452,2021-04-08,3991
,,,,,,,,,,,,,,75.61,1451,2021-07-26,3977
,,,,,,,,,,,,,,75.5,1451,2024-10-07,3971
,,,,,,,,,,,,,,65.43,1450,2023-10-29,3970
,,,,,,,,,,,,,,66.56,1450,2019-11-28,3969
,,,,,,,,,,,,,,72.56,1449,2016-11-16,3954
,,,,,,,,,,,,,,69.34,1449,2023-12-08,3948
,,,,,,,,,,,,,,73.78,1449,2021-04-09,3946
,,,,,,,,,,,,,,68.22,1449,2018-11-07,3935
,,,,,,,,,,,,,,74.5,1448,2018-11-09,3928
,,,,,,,,,,,,,,69.26,1448,2018-11-12,3927
,,,,,,,,,,,,,,68.55,1448,2022-10-24,3922
,,,,,,,,,,,,,,72.65,1447,2018-11-11,3912
,,,,,,,,,,,,,,67.16,1447,2018-11-15,3895
,,,,,,,,,,,,,,75.13,1447,2021-07-24,3893
,,,,,,,,,,,,,,75.1,1447,2023-10-28,3883
,,,,,,,,,,,,,,71.42,1446,2019-11-21,3883
,,,,,,,,,,,,,,71.79,1446,2022-12-03,3881
,,,,,,,,,,,,,,68.97,1446,2021-04-07,3871
,,,,,,,,,,,,,,70.76,1444,2022-01-25,3867
,,,,,,,,,,,,,,67.27,1444,2021-10-25,3867
,,,,,,,,,,,,,,71.5,1444,2020-11-02,3859
,,,,,,,,,,,,,,66.24,1444,2021-04-11,3855
,,,,,,,,,,,,,,72.16,1443,2017-11-15,3851
,,,,,,,,,,,,,,71.47,1443,2017-11-12,3847
,,,,,,,,,,,,,,73.31,1443,2018-11-16,3847
,,,,,,,,,,,,,,73.47,1443,2017-11-14,3837
,,,,,,,,,,,,,,66.19,1443,2021-04-06,3837
,,,,,,,,,,,,,,74.82,1442,2024-11-20,3833
,,,,,,,,,,,,,,65.63,1442,2019-11-29,3830
,,,,,,,,,,,,,,68.09,1442,2017-11-10,3823
,,,,,,,,,,,,,,70.93,1441,2016-11-17,3821
,,,,,,,,,,,,,,72.68,1441,2021-04-10,3820
,,,,,,,,,,,,,,67.63,1441,2016-11-15,3813
,,,,,,,,,,,,,,67.65,1441,2017-11-09,3810
,,,,,,,,,,,,,,70.07,1441,2020-11-19,3810
,,,,,,,,,,,,,,71.1,1441,2018-11-17,3809
,,,,,,,,,,,,,,69.83,1440,2019-11-20,3798
,,,,,,,,,,,,,,73.67,1440,2021-07-30,3793
,,,,,,,,,,,,,,67.22,1439,2017-11-07,3791
,,,,,,,,,,,,,,68.95,1439,2016-11-10,3784
,,,,,,,,,,,,,,74.49,1438,2018-11-18,3783
,,,,,,,,,,,,,,70.84,1438,2021-08-03,3766
,,,,,,,,,,,,,,73.34,1438,2021-08-04,3760
,,,,,,,,,,,,,,66.59,1438,2019-11-19,3758
,,,,,,,,,,,,,,74.27,1437,2018-11-06,3756
,,,,,,,,,,,,,,67.13,1437,2021-08-02,3756
,,,,,,,,,,,,,,71.02,1437,2024-10-03,3751
,,,,,,,,,,,,,,66.41,1437,2019-11-27,3750
,,,,,,,,,,,,,,74.56,1436,2019-11-30,3750
,,,,,,,,,,,,,,74.2,1436,2017-11-13,3745
,,,,,,,,,,,,,,74.66,1435,2016-11-14,3742
,,,,,,,,,,,,,,72.1,1435,2016-11-13,3741
,,,,,,,,,,,,,,71.37,1435,2019-11-23,3731
,,,,,,,,,,,,,,72.42,1434,2022-12-04,3725
,,,,,,,,,,,,,,72.8,1434,2018-11-20,3724
,,,,,,,,,,,,,,70.65,1434,2019-12-02,3724
,,,,,,,,,,,,,,65.44,1434,2019-11-25,3718
,,,,,,,,,,,,,,66.22,1434,2021-04-05,3712
,,,,,,,,,,,,,,66.21,1434,2022-01-26,3693
,,,,,,,,,,,,,,74.7,1433,2018-11-19,3689
,,,,,,,,,,,,,,75.02,1433,2019-11-26,3683
,,,,,,,,,,,,,,65.49,1432,2022-12-05,3677
,,,,,,,,,,,,,,65.29,1432,2017-11-06,3675
,,,,,,,,,,,,,,71.05,1432,2021-08-05,3672
,,,,,,,,,,,,,,68.23,1432,2021-07-31,3669
,,,,,,,,,,,,,,74.84,1431,2017-11-16,3661
,,,,,,,,,,,,,,73.14,1431,2023-10-27,3661
,,,,,,,,,,,,,,71.31,1431,2023-12-09,3659
,,,,,,,,,,,,,,72.33,1430,2019-11-24,3653
,,,,,,,,,,,,,,75.19,1430,2024-10-05,3652
,,,,,,,,,,,,,,72.36,1429,2021-07-25,3649
,,,,,,,,,,,,,,71.62,1428,2019-12-01,3648
,,,,,,,,,,,,,,71.24,1428,2022-12-06,3647
,,,,,,,,,,,,,,70.52,1427,2021-10-23,3647
,,,,,,,,,,,,,,75.7,1427,2019-12-03,3644
,,,,,,,,,,,,,,66.26,1427,2021-10-21,3638
,,,,,,,,,,,,,,73.74,1426,2024-10-06,3633
,,,,,,,,,,,,,,74.87,1425,2024-11-21,3631
,,,,,,,,,,,,,,72.14,1425,2021-10-24,3630
,,,,,,,,,,,,,,69.84,1425,2019-11-22,3629
,,,,,,,,,,,,,,70.96,1425,2017-11-05,3621
,,,,,,,,,,,,,,72.97,1424,2017-11-17,3613
,,,,,,,,,,,,,,67.88,1424,2022-10-23,3613
,,,,,,,,,,,,,,74.52,1423,2018-11-05,3609
,,,,,,,,,,,,,,68.37,1423,2024-10-02,3608
,,,,,,,,,,,,,,69.8,1423,2016-11-11,3605
,,,,,,,,,,,,,,74.67,1422,2020-11-01,3605
,,,,,,,,,,,,,,69.95,1422,2024-10-04,3603
,,,,,,,,,,,,,,74.13,1422,2021-04-02,3603
,,,,,,,,,,,,,,72.6,1422,2020-11-20,3596
,,,,,,,,,,,,,,65.75,1422,2016-11-12,3591
,,,,,,,,,,,,,,71.91,1422,2019-11-18,3578
,,,,,,,,,,,,,,66.27,1422,2021-04-01,3574
,,,,,,,,,,,,,,74.36,1421,2016-11-18,3570
,,,,,,,,,,,,,,65.66,1420,2019-12-04,3566
,,,,,,,,,,,,,,73.29,1420,2016-11-19,3549
,,,,,,,,,,,,,,71.97,1420,2020-10-30,3548
,,,,,,,,,,,,,,74.24,1419,2021-08-06,3548
,,,,,,,,,,,,,,67.82,1419,2021-10-22,3540
,,,,,,,,,,,,,,72.06,1419,2022-10-22,3517
,,,,,,,,,,,,,,72.45,1418,2017-11-19,3516
,,,,,,,,,,,,,,72.62,1418,2017-11-02,3516
,,,,,,,,,,,,,,69.01,1418,2022-10-21,3516
,,,,,,,,,,,,,,67.73,1418,2018-11-04,3512
,,,,,,,,,,,,,,75.68,1418,2021-03-30,3503
,,,,,,,,,,,,,,68.66,1418,2016-11-21,3503
,,,,,,,,,,,,,,66.44,1418,2020-10-31,3495
,,,,,,,,,,,,,,72.31,1417,2018-11-01,3488
,,,,,,,,,,,,,,66.95,1417,2018-11-03,3487
,,,,,,,,,,,,,,66.88,1417,2016-11-22,3481
,,,,,,,,,,,,,,75.44,1416,2016-11-08,3479
,,,,,,,,,,,,,,73.6,1416,2017-11-04,3478
,,,,,,,,,,,,,,66.98,1416,2019-12-05,3476
,,,,,,,,,,,,,,66.76,1416,2016-11-20,3475
,,,,,,,,,,,,,,74.35,1415,2022-10-20,3471
,,,,,,,,,,,,,,67.91,1415,2021-08-01,3466
,,,,,,,,,,,,,,65.55,1415,2018-11-02,3464
,,,,,,,,,,,,,,75.11,1415,2017-11-18,3463
,,,,,,,,,,,,,,75.21,1415,2023-10-26,3462
,,,,,,,,,,,,,,75.38,1415,2021-04-03,3459
,,,,,,,,,,,,,,73.37,1415,2022-01-27,3453
,,,,,,,,,,,,,,73.32,1415,2017-11-03,3449
,,,,,,,,,,,,,,66.36,1415,2018-11-21,3446
,,,,,,,,,,,,,,72.26,1414,2021-03-31,3442
,,,,,,,,,,,,,,70.01,1414,2017-11-20,3432
,,,,,,,,,,,,,,75.48,1414,2020-11-23,3426
,,,,,,,,,,,,,,65.38,1414,2016-11-09,3423
,,,,,,,,,,,,,,68.85,1414,2021-08-10,3418
,,,,,,,,,,,,,,67.19,1413,2024-10-01,3400
,,,,,,,,,,,,,,71.18,1413,2021-10-20,3397
,,,,,,,,,,,,,,66.82,1413,2019-11-17,3375
,,,,,,,,,,,,,,73.44,1412,2021-04-04,3373
,,,,,,,,,,,,,,74.85,1411,2020-10-29,3360
,,,,,,,,,,,,,,66.09,1411,2017-11-01,3358
,,,,,,,,,,,,,,72.48,1411,2021-08-09,3352
,,,,,,,,,,,,,,74.16,1411,2021-08-12,3349
,,,,,,,,,,,,,,65.34,1411,2022-12-07,3348
,,,,,,,,,,,,,,74.75,1409,2023-12-10,3347
,,,,,,,,,,,,,,69.86,1409,2020-11-21,3347
,,,,,,,,,,,,,,73.97,1409,2021-08-07,3338
,,,,,,,,,,,,,,73.98,1409,2020-11-22,3328
,,,,,,,,,,,,,,74.64,1408,2021-08-11,3322
,,,,,,,,,,,,,,70.72,1408,2017-11-21,3310
,,,,,,,,,,,,,,71.93,1408,2016-11-23,3290
,,,,,,,,,,,,,,70.95,1407,2020-10-28,3285
,,,,,,,,,,,,,,69.09,1407,2024-11-22,3278
,,,,,,,,,,,,,,67.83,1407,2019-12-06,3275
,,,,,,,,,,,,,,73.69,1407,2020-11-24,3269
,,,,,,,,,,,,,,68.08,1407,2019-11-16,3267
,,,,,,,,,,,,,,66.78,1407,2019-12-07,3262
,,,,,,,,,,,,,,72.85,1406,2022-12-08,3254
,,,,,,,,,,,,,,75.22,1406,2018-10-31,3253
,,,,,,,,,,,,,,66.93,1406,2019-11-15,3250
,,,,,,,,,,,,,,67.86,1405,2016-11-07,3246
,,,,,,,,,,,,,,65.95,1405,2021-08-08,3241
,,,,,,,,,,,,,,66.9,1405,2015-11-17,3232
,,,,,,,,,,,,,,68.11,1405,2021-03-18,3217
,,,,,,,,,,,,,,74.46,1404,2021-03-16,3214
,,,,,,,,,,,,,,72.77,1404,2021-03-29,3211
,,,,,,,,,,,,,,69.06,1404,2024-09-30,3207
,,,,,,,,,,,,,,75.71,1404,2019-12-08,3201
,,,,,,,,,,,,,,66.99,1403,2021-08-13,3201
,,,,,,,,,,,,,,68.88,1403,2015-11-18,3197
,,,,,,,,,,,,,,75.62,1402,2021-10-19,3195
,,,,,,,,,,,,,,71.74,1402,2018-11-22,3192
,,,,,,,,,,,,,,73.35,1402,2023-10-25,3188
,,,,,,,,,,,,,,71.94,1402,2021-03-24,3159
,,,,,,,,,,,,,,74.55,1401,2016-11-24,3159
,,,,,,,,,,,,,,74.53,1401,2024-11-23,3154
,,,,,,,,,,,,,,67.33,1401,2021-03-17,3136
,,,,,,,,,,,,,,73.23,1401,2023-12-11,3127
,,,,,,,,,,,,,,73.92,1400,2021-03-26,3126
,,,,,,,,,,,,,,69.4,1400,2021-03-25,3118
,,,,,,,,,,,,,,72.89,1399,2015-11-12,3116
,,,,,,,,,,,,,,74.78,1398,2021-03-28,3110
,,,,,,,,,,,,,,67.01,1398,2021-08-14,3108
,,,,,,,,,,,,,,65.76,1398,2020-11-25,3107
,,,,,,,,,,,,,,75.45,1398,2015-11-20,3088
,,,,,,,,,,,,,,74.58,1397,2021-08-16,3086
,,,,,,,,,,,,,,67.3,1397,2016-11-25,3085
,,,,,,,,,,,,,,74.73,1397,2017-10-31,3078
,,,,,,,,,,,,,,65.7,1397,2022-10-19,3075
,,,,,,,,,,,,,,72.37,1397,2021-03-27,3073
,,,,,,,,,,,,,,65.2,1396,2015-11-16,3071
,,,,,,,,,,,,,,75.36,1396,2021-03-23,3067
,,,,,,,,,,,,,,75.31,1396,2021-08-18,3066
,,,,,,,,,,,,,,65.14,1396,2021-03-11,3057
,,,,,,,,,,,,,,71.88,1396,2015-11-19,3057
,,,,,,,,,,,,,,72.83,1395,2019-12-09,3055
,,,,,,,,,,,,,,72.05,1395,2021-03-19,3055
,,,,,,,,,,,,,,68.06,1395,2020-10-27,3052
,,,,,,,,,,,,,,72.98,1394,2017-11-22,3051
,,,,,,,,,,,,,,74.12,1394,2015-11-13,3048
,,,,,,,,,,,,,,75.34,1394,2019-11-14,3047
,,,,,,,,,,,,,,74.96,1393,2022-01-28,3040
,,,,,,,,,,,,,,75.74,1393,2018-10-30,3037
,,,,,,,,,,,,,,67.11,1392,2015-11-15,3031
,,,,,,,,,,,,,,72.94,1390,2021-03-09,3025
,,,,,,,,,,,,,,72.11,1390,2021-08-17,3020
,,,,,,,,,,,,,,65.61,1390,2021-10-18,3013
,,,,,,,,,,,,,,75.67,1390,2023-12-12,3006
,,,,,,,,,,,,,,71.08,1390,2022-12-09,3004
,,,,,,,,,,,,,,66.81,1390,2015-11-14,3002
,,,,,,,,,,,,,,67.25,1389,2021-03-12,2987
,,,,,,,,,,,,,,65.98,1389,2015-11-11,2981
,,,,,,,,,,,,,,75.15,1389,2016-11-05,2971
,,,,,,,,,,,,,,71.21,1389,2019-12-10,2969
,,,,,,,,,,,,,,72.02,1388,2015-11-21,2969
,,,,,,,,,,,,,,65.64,1388,2015-11-10,2966
,,,,,,,,,,,,,,65.35,1388,2021-03-20,2952
,,,,,,,,,,,,,,73.02,1388,2018-11-23,2951
,,,,,,,,,,,,,,66.79,1388,2015-11-23,2951
,,,,,,,,,,,,,,66.75,1388,2021-03-22,2934
,,,,,,,,,,,,,,72.95,1387,2020-11-26,2931
,,,,,,,,,,,,,,67.97,1387,2021-03-05,2924
,,,,,,,,,,,,,,67.02,1387,2024-11-24,2924
,,,,,,,,,,,,,,71.85,1387,2024-11-26,2917
,,,,,,,,,,,,,,74.72,1385,2017-10-30,2916
,,,,,,,,,,,,,,67.94,1385,2021-03-15,2910
,,,,,,,,,,,,,,75.01,1385,2021-03-10,2903
,,,,,,,,,,,,,,65.06,1385,2021-03-03,2902
,,,,,,,,,,,,,,66.18,1384,2016-11-06,2902
,,,,,,,,,,,,,,72.03,1383,2016-11-03,2899
,,,,,,,,,,,,,,65.23,1383,2015-11-22,2895
,,,,,,,,,,,,,,73.57,1383,2019-11-13,2895
,,,,,,,,,,,,,,68.91,1382,2024-09-26,2887
,,,,,,,,,,,,,,73.0,1381,2022-01-29,2886
,,,,,,,,,,,,,,74.38,1380,2021-08-15,2886
,,,,,,,,,,,,,,76.25,1380,2021-03-13,2884
,,,,,,,,,,,,,,70.88,1380,2024-09-29,2882
,,,,,,,,,,,,,,75.27,1380,2024-11-25,2882
,,,,,,,,,,,,,,66.32,1380,2015-11-09,2876
,,,,,,,,,,,,,,75.77,1379,2016-11-26,2875
,,,,,,,,,,,,,,73.58,1379,2022-10-18,2859
,,,,,,,,,,,,,,66.72,1379,2017-11-23,2855
,,,,,,,,,,,,,,66.84,1379,2021-03-04,2855
,,,,,,,,,,,,,,67.7,1378,2021-03-14,2854
,,,,,,,,,,,,,,65.12,1378,2021-03-07,2852
,,,,,,,,,,,,,,74.81,1376,2016-11-29,2852
,,,,,,,,,,,,,,73.89,1375,2021-03-21,2844
,,,,,,,,,,,,,,65.03,1375,2023-12-13,2842
,,,,,,,,,,,,,,72.92,1374,2015-11-24,2842
,,,,,,,,,,,,,,65.4,1374,2016-11-28,2833
,,,,,,,,,,,,,,75.28,1374,2018-10-29,2822
,,,,,,,,,,,,,,67.9,1373,2021-08-19,2822
,,,,,,,,,,,,,,73.09,1373,2021-03-06,2820
,,,,,,,,,,,,,,71.01,1373,2021-08-20,2819
,,,,,,,,,,,,,,72.28,1372,2024-09-28,2814
,,,,,,,,,,,,,,67.37,1372,2021-03-08,2803
,,,,,,,,,,,,,,73.86,1372,2016-11-04,2798
,,,,,,,,,,,,,,66.33,1372,2020-10-26,2798
,,,,,,,,,,,,,,67.8,1371,2021-03-02,2780
,,,,,,,,,,,,,,75.76,1371,2024-09-27,2770
,,,,,,,,,,,,,,73.12,1371,2021-08-21,2761
,,,,,,,,,,,,,,71.99,1371,2018-11-24,2747
,,,,,,,,,,,,,,68.86,1371,2015-11-25,2743
,,,,,,,,,,,,,,68.02,1371,2023-10-24,2736
,,,,,,,,,,,,,,74.93,1370,2021-08-22,2735
,,,,,,,,,,,,,,65.5,1370,2018-10-28,2726
,,,,,,,,,,,,,,65.24,1370,2021-03-01,2713
,,,,,,,,,,,,,,70.9,1369,2022-12-10,2713
,,,,,,,,,,,,,,65.37,1369,2016-11-27,2713
,,,,,,,,,,,,,,74.62,1368,2015-11-08,2707
,,,,,,,,,,,,,,65.32,1368,2021-08-23,2688
,,,,,,,,,,,,,,66.35,1368,2024-11-27,2675
,,,,,,,,,,,,,,74.01,1366,2021-08-24,2672
,,,,,,,,,,,,,,65.73,1366,2021-10-17,2669
,,,,,,,,,,,,,,66.16,1366,2022-01-30,2663
,,,,,,,,,,,,,,74.15,1365,2017-10-29,2651
,,,,,,,,,,,,,,65.92,1365,2016-11-02,2649
,,,,,,,,,,,,,,65.27,1365,2024-09-25,2645
,,,,,,,,,,,,,,73.03,1365,2021-08-25,2632
,,,,,,,,,,,,,,76.2,1363,2024-09-24,2631
,,,,,,,,,,,,,,65.47,1363,2021-10-16,2623
,,,,,,,,,,,,,,65.31,1363,2022-10-17,2619
,,,,,,,,,,,,,,66.91,1363,2017-10-28,2617
,,,,,,,,,,,,,,70.98,1362,2021-08-26,2615
,,,,,,,,,,,,,,74.1,1361,2017-11-24,2611
,,,,,,,,,,,,,,67.77,1361,2016-11-30,2606
,,,,,,,,,,,,,,74.47,1360,2020-11-27,2603
,,,,,,,,,,,,,,76.31,1360,2019-11-12,2589
,,,,,,,,,,,,,,73.61,1360,2022-01-31,2586
,,,,,,,,,,,,,,71.07,1359,2018-11-26,2579
,,,,,,,,,,,,,,65.8,1358,2015-11-26,2579
,,,,,,,,,,,,,,72.08,1357,2015-11-06,2574
,,,,,,,,,,,,,,71.9,1357,2020-10-23,2571
,,,,,,,,,,,,,,74.95,1356,2021-02-26,2571
,,,,,,,,,,,,,,65.6,1356,2022-12-12,2568
,,,,,,,,,,,,,,65.84,1355,2019-12-11,2563
,,,,,,,,,,,,,,75.07,1355,2017-10-27,2559
,,,,,,,,,,,,,,76.34,1354,2017-10-26,2556
,,,,,,,,,,,,,,70.92,1354,2021-10-14,2554
,,,,,,,,,,,,,,73.84,1354,2021-10-15,2552
,,,,,,,,,,,,,,72.88,1352,2020-10-24,2550
,,,,,,,,,,,,,,74.0,1351,2015-11-07,2548
,,,,,,,,,,,,,,65.41,1351,2022-12-11,2539
,,,,,,,,,,,,,,66.3,1351,2018-11-25,2534
,,,,,,,,,,,,,,76.36,1350,2021-02-28,2531
,,,,,,,,,,,,,,65.46,1349,2018-11-27,2529
,,,,,,,,,,,,,,67.04,1349,2024-11-28,2526
,,,,,,,,,,,,,,65.11,1349,2015-11-27,2523
,,,,,,,,,,,,,,66.29,1349,2020-10-22,2511
,,,,,,,,,,,,,,73.81,1348,2015-11-05,2508
,,,,,,,,,,,,,,73.93,1348,2020-10-25,2504
,,,,,,,,,,,,,,74.92,1347,2022-12-13,2502
,,,,,,,,,,,,,,65.72,1347,2022-02-01,2487
,,,,,,,,,,,,,,73.83,1347,2018-10-27,2484
,,,,,,,,,,,,,,73.95,1347,2021-02-27,2483
,,,,,,,,,,,,,,76.71,1347,2023-12-14,2469
,,,,,,,,,,,,,,66.03,1345,2020-11-28,2466
,,,,,,,,,,,,,,65.17,1345,2021-02-25,2462
,,,,,,,,,,,,,,65.96,1344,2021-08-27,2460
,,,,,,,,,,,,,,68.0,1344,2018-10-26,2444
,,,,,,,,,,,,,,67.93,1343,2021-10-13,2436
,,,,,,,,,,,,,,73.05,1343,2022-12-14,2420
,,,,,,,,,,,,,,76.26,1342,2016-12-01,2419
,,,,,,,,,,,,,,74.03,1342,2015-11-29,2401
,,,,,,,,,,,,,,67.08,1342,2021-02-24,2396
,,,,,,,,,,,,,,65.81,1342,2015-11-04,2388
,,,,,,,,,,,,,,66.12,1342,2015-11-28,2388
,,,,,,,,,,,,,,67.1,1341,2014-11-17,2386
,,,,,,,,,,,,,,74.07,1341,2015-11-30,2386
,,,,,,,,,,,,,,67.05,1341,2014-11-18,2382
,,,,,,,,,,,,,,73.54,1341,2017-10-25,2380
,,,,,,,,,,,,,,65.0,1340,2021-08-29,2377
,,,,,,,,,,,,,,74.09,1340,2017-11-27,2373
,,,,,,,,,,,,,,65.09,1340,2014-11-13,2365
,,,,,,,,,,,,,,65.18,1340,2024-09-23,2364
,,,,,,,,,,,,,,74.89,1339,2023-10-23,2363
,,,,,,,,,,,,,,72.0,1339,2021-10-12,2360
,,,,,,,,,,,,,,65.83,1339,2017-11-25,2346
,,,,,,,,,,,,,,76.28,1336,2020-11-29,2346
,,,,,,,,,,,,,,65.15,1336,2017-11-26,2345
,,,,,,,,,,,,,,73.9,1335,2014-11-20,2341
,,,,,,,,,,,,,,71.87,1334,2016-11-01,2339
,,,,,,,,,,,,,,76.69,1333,2021-08-28,2337
,,,,,,,,,,,,,,76.14,1332,2022-10-16,2332
,,,,,,,,,,,,,,66.85,1332,2020-10-21,2332
,,,,,,,,,,,,,,73.11,1331,2014-11-16,2312
,,,,,,,,,,,,,,74.9,1330,2024-11-29,2309
,,,,,,,,,,,,,,65.99,1330,2023-12-15,2303
,,,,,,,,,,,,,,76.17,1329,2014-11-14,2297
,,,,,,,,,,,,,,66.01,1328,2021-02-23,2296
,,,,,,,,,,,,,,75.88,1328,2021-08-30,2296
,,,,,,,,,,,,,,65.89,1328,2014-11-19,2295
,,,,,,,,,,,,,,69.0,1328,2021-09-01,2292
,,,,,,,,,,,,,,74.06,1325,2020-11-30,2292
,,,,,,,,,,,,,,76.46,1324,2014-11-15,2288
,,,,,,,,,,,,,,65.69,1320,2016-10-31,2280
,,,,,,,,,,,,,,65.93,1320,2015-12-01,2278
,,,,,,,,,,,,,,68.03,1320,2021-08-31,2276
,,,,,,,,,,,,,,66.06,1319,2019-12-12,2274
,,,,,,,,,,,,,,73.21,1319,2019-11-11,2274
,,,,,,,,,,,,,,66.04,1318,2018-10-25,2261
,,,,,,,,,,,,,,75.04,1316,2014-11-11,2253
,,,,,,,,,,,,,,66.13,1316,2014-11-21,2234
,,,,,,,,,,,,,,75.84,1315,2022-02-02,2234
,,,,,,,,,,,,,,65.04,1315,2018-11-28,2192
,,,,,,,,,,,,,,76.22,1314,2024-09-22,2186
,,,,,,,,,,,,,,74.04,1311,2018-10-24,2186
,,,,,,,,,,,,,,74.39,1310,2020-12-01,2177
,,,,,,,,,,,,,,65.21,1309,2014-11-12,2174
,,,,,,,,,,,,,,65.78,1308,2015-11-03,2159
,,,,,,,,,,,,,,76.16,1307,2024-11-30,2158
,,,,,,,,,,,,,,66.1,1307,2021-02-22,2158
,,,,,,,,,,,,,,76.37,1306,2014-11-24,2156
,,,,,,,,,,,,,,65.08,1302,2024-09-20,2155
,,,,,,,,,,,,,,75.8,1302,2014-11-26,2150
,,,,,,,,,,,,,,76.56,1302,2017-11-28,2147
,,,,,,,,,,,,,,65.9,1299,2014-11-10,2145
,,,,,,,,,,,,,,70.87,1297,2013-11-19,2144
,,,,,,,,,,,,,,75.08,1296,2014-11-25,2141
,,,,,,,,,,,,,,75.05,1296,2022-12-15,2134
,,,,,,,,,,,,,,76.33,1295,2016-12-02,2122
,,,,,,,,,,,,,,67.07,1294,2021-10-11,2119
,,,,,,,,,,,,,,76.23,1292,2013-11-18,2116
,,,,,,,,,,,,,,74.98,1289,2014-11-23,2115
,,,,,,,,,,,,,,76.39,1289,2022-08-17,2115
,,,,,,,,,,,,,,66.96,1289,2013-11-15,2109
,,,,,,,,,,,,,,75.79,1285,2013-11-20,2103
,,,,,,,,,,,,,,76.45,1284,2022-10-15,2099
,,,,,,,,,,,,,,76.4,1279,2014-11-22,2096
,,,,,,,,,,,,,,77.17,1279,2024-09-18,2093
,,,,,,,,,,,,,,65.86,1278,2013-11-21,2093
,,,,,,,,,,,,,,76.48,1277,2024-12-01,2092
,,,,,,,,,,,,,,66.87,1274,2022-02-03,2089
,,,,,,,,,,,,,,76.13,1273,2021-09-02,2087
,,,,,,,,,,,,,,76.72,1273,2022-10-14,2079
,,,,,,,,,,,,,,76.42,1272,2021-02-21,2076
,,,,,,,,,,,,,,66.07,1270,2024-09-19,2073
,,,,,,,,,,,,,,76.74,1270,2015-11-02,2069
,,,,,,,,,,,,,,76.19,1269,2020-10-20,2068
,,,,,,,,,,,,,,65.26,1269,2022-08-18,2068
,,,,,,,,,,,,,,76.1,1266,2021-02-18,2066
,,,,,,,,,,,,,,75.99,1263,2022-10-13,2056
,,,,,,,,,,,,,,65.87,1263,2020-12-02,2055
,,,,,,,,,,,,,,73.06,1262,2014-11-09,2042
,,,,,,,,,,,,,,76.43,1258,2022-08-15,2040
,,,,,,,,,,,,,,76.77,1258,2013-11-16,2035
,,,,,,,,,,,,,,76.63,1257,2013-11-14,2034
,,,,,,,,,,,,,,75.9,1255,2023-12-16,2031
,,,,,,,,,,,,,,76.54,1254,2022-08-12,2030
,,,,,,,,,,,,,,74.99,1252,2014-11-07,2028
,,,,,,,,,,,,,,76.92,1252,2024-09-21,2026
,,,,,,,,,,,,,,76.3,1245,2017-11-29,2025
,,,,,,,,,,,,,,76.88,1244,2021-09-07,2024
,,,,,,,,,,,,,,77.31,1242,2022-08-10,2021
,,,,,,,,,,,,,,75.96,1242,2015-12-02,2020
,,,,,,,,,,,,,,76.49,1241,2022-08-16,2016
,,,,,,,,,,,,,,77.18,1240,2021-09-03,2012
,,,,,,,,,,,,,,76.59,1240,2022-12-16,2009
,,,,,,,,,,,,,,76.51,1238,2021-02-20,2008
,,,,,,,,,,,,,,75.91,1237,2021-02-19,2006
,,,,,,,,,,,,,,76.03,1236,2022-08-11,2003
,,,,,,,,,,,,,,77.2,1236,2019-12-13,1996
,,,,,,,,,,,,,,75.94,1234,2022-08-13,1991
,,,,,,,,,,,,,,76.76,1234,2013-11-13,1988
,,,,,,,,,,,,,,0.42,1231,2013-11-17,1982
,,,,,,,,,,,,,,76.79,1231,2014-11-27,1981
,,,,,,,,,,,,,,75.85,1230,2016-10-30,1980
,,,,,,,,,,,,,,76.07,1229,2019-11-10,1978
,,,,,,,,,,,,,,75.87,1229,2014-11-08,1974
,,,,,,,,,,,,,,76.83,1229,2021-10-07,1973
,,,,,,,,,,,,,,76.6,1228,2018-11-29,1972
,,,,,,,,,,,,,,76.85,1227,2022-08-23,1970
,,,,,,,,,,,,,,77.23,1226,2022-08-14,1967
,,,,,,,,,,,,,,75.97,1226,2021-09-06,1965
,,,,,,,,,,,,,,77.48,1226,2023-10-22,1962
,,,,,,,,,,,,,,77.15,1225,2024-12-02,1958
,,,,,,,,,,,,,,76.8,1223,2013-11-12,1956
,,,,,,,,,,,,,,77.09,1223,2020-10-19,1948
,,,,,,,,,,,,,,64.58,1222,2022-10-12,1945
,,,,,,,,,,,,,,76.57,1219,2014-11-06,1944
,,,,,,,,,,,,,,76.86,1217,2022-08-08,1936
,,,,,,,,,,,,,,64.98,1215,2024-12-03,1935
,,,,,,,,,,,,,,77.0,1213,2013-11-25,1932
,,,,,,,,,,,,,,76.05,1212,2022-08-22,1930
,,,,,,,,,,,,,,70.6,1212,2017-10-24,1929
,,,,,,,,,,,,,,77.52,1212,2024-09-17,1926
,,,,,,,,,,,,,,67.55,1211,2023-10-20,1925
,,,,,,,,,,,,,,76.0,1209,2014-11-28,1916
,,,,,,,,,,,,,,77.21,1209,2021-09-08,1915
,,,,,,,,,,,,,,76.68,1207,2022-12-17,1914
,,,,,,,,,,,,,,76.89,1206,2022-12-18,1910
,,,,,,,,,,,,,,76.65,1203,2016-10-29,1910
,,,,,,,,,,,,,,64.54,1202,2013-11-22,1908
,,,,,,,,,,,,,,77.34,1202,2023-10-19,1905
,,,,,,,,,,,,,,71.29,1201,2013-11-23,1903
,,,,,,,,,,,,,,76.82,1201,2022-08-19,1899
,,,,,,,,,,,,,,76.53,1200,2022-08-25,1898
,,,,,,,,,,,,,,71.52,1198,2022-08-09,1898
,,,,,,,,,,,,,,76.62,1198,2023-10-21,1893
,,,,,,,,,,,,,,77.26,1197,2013-11-26,1892
,,,,,,,,,,,,,,77.71,1197,2016-12-03,1890
,,,,,,,,,,,,,,68.61,1195,2016-10-28,1887
,,,,,,,,,,,,,,67.64,1193,2018-11-30,1884
,,,,,,,,,,,,,,72.5,1190,2023-12-17,1881
,,,,,,,,,,,,,,75.93,1190,2024-12-04,1879
,,,,,,,,,,,,,,77.25,1189,2022-08-20,1876
,,,,,,,,,,,,,,77.05,1189,2022-08-04,1876
,,,,,,,,,,,,,,68.38,1189,2022-12-19,1875
,,,,,,,,,,,,,,76.11,1188,2021-10-09,1874
,,,,,,,,,,,,,,76.66,1187,2022-08-24,1869
,,,,,,,,,,,,,,78.21,1187,2021-02-17,1867
,,,,,,,,,,,,,,70.54,1186,2014-12-01,1866
,,,,,,,,,,,,,,77.12,1186,2016-12-04,1859
,,,,,,,,,,,,,,70.0,1185,2021-09-10,1858
,,,,,,,,,,,,,,77.35,1185,2021-10-10,1857
,,,,,,,,,,,,,,70.37,1183,2016-12-05,1854
,,,,,,,,,,,,,,76.02,1182,2022-08-07,1854
,,,,,,,,,,,,,,76.08,1182,2021-09-09,1852
,,,,,,,,,,,,,,69.56,1181,2018-10-23,1852
,,,,,,,,,,,,,,76.95,1181,2021-02-16,1850
,,,,,,,,,,,,,,76.97,1178,2013-11-11,1849
,,,,,,,,,,,,,,77.28,1175,2022-12-21,1847
,,,,,,,,,,,,,,64.72,1175,2022-08-21,1847
,,,,,,,,,,,,,,68.24,1175,2021-10-08,1846
,,,,,,,,,,,,,,69.62,1174,2021-09-05,1845
,,,,,,,,,,,,,,77.75,1174,2021-10-05,1841
,,,,,,,,,,,,,,64.49,1173,2022-02-04,1841
,,,,,,,,,,,,,,64.97,1173,2019-12-14,1840
,,,,,,,,,,,,,,67.41,1172,2021-10-06,1839
,,,,,,,,,,,,,,76.91,1172,2022-08-06,1824
,,,,,,,,,,,,,,71.23,1171,2014-11-05,1820
,,,,,,,,,,,,,,64.48,1169,2021-09-14,1818
,,,,,,,,,,,,,,64.63,1169,2021-09-04,1813
,,,,,,,,,,,,,,69.65,1169,2022-08-05,1809
,,,,,,,,,,,,,,72.7,1168,2022-10-11,1806
,,,,,,,,,,,,,,64.43,1167,2017-11-30,1803
,,,,,,,,,,,,,,77.29,1167,2015-12-03,1802
,,,,,,,,,,,,,,76.94,1167,2016-10-27,1801
,,,,,,,,,,,,,,69.48,1166,2013-11-24,1799
,,,,,,,,,,,,,,70.63,1166,2021-10-04,1799
,,,,,,,,,,,,,,77.11,1165,2014-11-30,1795
,,,,,,,,,,,,,,77.14,1165,2013-11-10,1792
,,,,,,,,,,,,,,72.55,1164,2013-11-27,1783
,,,,,,,,,,,,,,70.45,1164,2019-11-09,1777
,,,,,,,,,,,,,,64.51,1163,2014-11-29,1776
,,,,,,,,,,,,,,67.38,1161,2021-02-15,1776
,,,,,,,,,,,,,,64.85,1161,2022-08-03,1776
,,,,,,,,,,,,,,70.31,1160,2014-12-02,1768
,,,,,,,,,,,,,,77.41,1160,2013-11-29,1759
,,,,,,,,,,,,,,75.46,1160,2013-11-28,1759
,,,,,,,,,,,,,,70.25,1159,2022-08-26,1754
,,,,,,,,,,,,,,77.74,1159,2020-12-03,1749
,,,,,,,,,,,,,,68.56,1159,2013-11-09,1749
,,,,,,,,,,,,,,68.15,1159,2022-12-22,1747
,,,,,,,,,,,,,,69.85,1157,2021-09-16,1741
,,,,,,,,,,,,,,70.14,1157,2021-09-11,1738
,,,,,,,,,,,,,,69.39,1157,2017-10-23,1738
,,,,,,,,,,,,,,69.79,1157,2022-12-20,1737
,,,,,,,,,,,,,,64.94,1157,2021-09-15,1735
,,,,,,,,,,,,,,77.67,1156,2021-02-12,1734
,,,,,,,,,,,,,,69.76,1155,2015-11-01,1732
,,,,,,,,,,,,,,64.45,1154,2019-11-08,1728
,,,,,,,,,,,,,,64.95,1154,2021-09-13,1726
,,,,,,,,,,,,,,70.17,1153,2013-11-08,1724
,,,,,,,,,,,,,,70.43,1152,2020-10-18,1724
,,,,,,,,,,,,,,69.53,1152,2016-12-06,1720
,,,,,,,,,,,,,,72.27,1151,2023-12-18,1718
,,,,,,,,,,,,,,72.73,1151,2021-09-30,1716
,,,,,,,,,,,,,,75.52,1151,2018-12-01,1705
,,,,,,,,,,,,,,77.03,1151,2019-11-07,1704
,,,,,,,,,,,,,,64.83,1151,2024-09-16,1703
,,,,,,,,,,,,,,64.42,1150,2014-12-03,1703
,,,,,,,,,,,,,,64.52,1150,2023-12-19,1698
,,,,,,,,,,,,,,77.84,1150,2013-11-07,1697
,,,,,,,,,,,,,,70.74,1149,2022-08-29,1690
,,,,,,,,,,,,,,68.5,1149,2021-02-11,1688
,,,,,,,,,,,,,,68.47,1147,2021-10-01,1687
,,,,,,,,,,,,,,73.79,1146,2021-09-29,1682
,,,,,,,,,,,,,,77.58,1145,2016-10-26,1682
,,,,,,,,,,,,,,77.8,1145,2013-11-30,1675
,,,,,,,,,,,,,,70.2,1144,2021-02-13,1673
,,,,,,,,,,,,,,78.27,1144,2022-08-30,1673
,,,,,,,,,,,,,,68.53,1143,2022-08-02,1670
,,,,,,,,,,,,,,78.17,1143,2014-11-04,1657
,,,,,,,,,,,,,,64.25,1142,2022-08-27,1657
,,,,,,,,,,,,,,64.92,1142,2022-08-28,1649
,,,,,,,,,,,,,,64.66,1141,2021-09-12,1644
,,,,,,,,,,,,,,67.61,1141,2015-10-31,1640
,,,,,,,,,,,,,,70.68,1140,2022-02-05,1638
,,,,,,,,,,,,,,77.51,1140,2021-10-02,1632
,,,,,,,,,,,,,,71.63,1140,2013-11-06,1629
,,,,,,,,,,,,,,74.34,1139,2022-12-23,1627
,,,,,,,,,,,,,,72.76,1139,2022-08-01,1623
,,,,,,,,,,,,,,72.15,1138,2024-12-05,1622
,,,,,,,,,,,,,,77.69,1138,2021-09-20,1622
,,,,,,,,,,,,,,77.08,1138,2021-02-14,1617
,,,,,,,,,,,,,,64.8,1138,2021-09-28,1616
,,,,,,,,,,,,,,69.25,1137,2018-12-03,1609
,,,,,,,,,,,,,,64.81,1137,2021-10-03,1604
,,,,,,,,,,,,,,78.23,1137,2019-11-06,1601
,,,,,,,,,,,,,,64.35,1136,2017-12-01,1596
,,,,,,,,,,,,,,64.55,1136,2015-10-29,1595
,,,,,,,,,,,,,,72.24,1136,2021-09-21,1594
,,,,,,,,,,,,,,67.69,1136,2013-12-02,1594
,,,,,,,,,,,,,,69.74,1136,2015-10-30,1593
,,,,,,,,,,,,,,71.55,1136,2022-10-10,1593
,,,,,,,,,,,,,,71.32,1136,2020-10-17,1588
,,,,,,,,,,,,,,66.57,1136,2019-12-15,1582
,,,,,,,,,,,,,,74.19,1135,2021-09-17,1580
,,,,,,,,,,,,,,77.61,1135,2020-12-04,1579
,,,,,,,,,,,,,,75.78,1135,2016-12-07,1578
,,,,,,,,,,,,,,73.53,1135,2022-08-31,1578
,,,,,,,,,,,,,,68.64,1135,2021-09-23,1570
,,,,,,,,,,,,,,68.12,1135,2020-10-16,1567
,,,,,,,,,,,,,,70.4,1134,2017-10-22,1566
,,,,,,,,,,,,,,75.26,1134,2018-12-02,1565
,,,,,,,,,,,,,,77.6,1134,2019-12-16,1564
,,,,,,,,,,,,,,64.46,1133,2024-09-12,1558
,,,,,,,,,,,,,,78.26,1133,2021-09-24,1556
,,,,,,,,,,,,,,69.88,1132,2021-09-18,1552
,,,,,,,,,,,,,,70.66,1132,2023-12-20,1549
,,,,,,,,,,,,,,72.53,1131,2021-09-27,1548
,,,,,,,,,,,,,,70.48,1131,2021-02-10,1546
,,,,,,,,,,,,,,77.55,1131,2024-09-14,1539
,,,,,,,,,,,,,,65.02,1131,2022-07-27,1527
,,,,,,,,,,,,,,71.43,1131,2015-12-04,1523
,,,,,,,,,,,,,,73.36,1131,2023-10-18,1520
,,,,,,,,,,,,,,78.15,1131,2022-07-28,1517
,,,,,,,,,,,,,,69.3,1131,2024-12-06,1514
,,,,,,,,,,,,,,64.17,1130,2024-09-13,1512
,,,,,,,,,,,,,,64.88,1130,2013-12-01,1512
,,,,,,,,,,,,,,70.77,1129,2022-07-29,1511
,,,,,,,,,,,,,,69.42,1129,2022-09-01,1510
,,,,,,,,,,,,,,77.37,1129,2022-02-07,1498
,,,,,,,,,,,,,,71.49,1129,2018-10-22,1496
,,,,,,,,,,,,,,64.6,1129,2020-10-15,1494
,,,,,,,,,,,,,,64.91,1129,2024-09-15,1489
,,,,,,,,,,,,,,70.57,1128,2021-09-26,1485
,,,,,,,,,,,,,,66.8,1128,2022-07-30,1472
,,,,,,,,,,,,,,77.44,1127,2021-09-22,1470
,,,,,,,,,,,,,,78.24,1127,2021-02-09,1470
,,,,,,,,,,,,,,77.43,1126,2024-09-11,1468
,,,,,,,,,,,,,,73.76,1126,2018-12-04,1468
,,,,,,,,,,,,,,71.4,1125,2022-02-06,1468
,,,,,,,,,,,,,,64.62,1124,2023-12-21,1466
,,,,,,,,,,,,,,67.72,1124,2022-02-08,1458
,,,,,,,,,,,,,,77.02,1124,2021-09-19,1457
,,,,,,,,,,,,,,71.61,1124,2019-12-17,1451
,,,,,,,,,,,,,,78.2,1123,2022-07-31,1451
,,,,,,,,,,,,,,69.22,1123,2022-12-24,1438
,,,,,,,,,,,,,,77.38,1123,2021-02-08,1432
,,,,,,,,,,,,,,77.83,1123,2015-10-28,1431
,,,,,,,,,,,,,,64.75,1123,2021-09-25,1431
,,,,,,,,,,,,,,73.48,1122,2015-12-05,1429
,,,,,,,,,,,,,,78.03,1122,2013-12-03,1428
,,,,,,,,,,,,,,69.28,1121,2013-12-04,1425
,,,,,,,,,,,,,,70.34,1121,2014-12-04,1416
,,,,,,,,,,,,,,69.91,1120,2022-09-02,1412
,,,,,,,,,,,,,,71.46,1120,2018-12-05,1400
,,,,,,,,,,,,,,69.1,1120,2013-11-05,1398
,,,,,,,,,,,,,,69.51,1119,2020-12-05,1396
,,,,,,,,,,,,,,77.66,1119,2020-10-14,1393
,,,,,,,,,,,,,,74.17,1118,2017-12-02,1393
,,,,,,,,,,,,,,64.37,1117,2016-10-25,1390
,,,,,,,,,,,,,,69.68,1117,2019-12-18,1386
,,,,,,,,,,,,,,66.66,1117,2019-11-05,1384
,,,,,,,,,,,,,,72.32,1116,2022-12-26,1383
,,,,,,,,,,,,,,77.46,1116,2012-11-15,1383
,,,,,,,,,,,,,,71.69,1116,2012-11-14,1379
,,,,,,,,,,,,,,66.37,1116,2017-10-19,1379
,,,,,,,,,,,,,,72.44,1115,2024-09-10,1378
,,,,,,,,,,,,,,77.32,1115,2021-02-04,1378
,,,,,,,,,,,,,,75.63,1115,2014-11-03,1376
,,,,,,,,,,,,,,64.71,1115,2020-12-06,1372
,,,,,,,,,,,,,,72.21,1114,2024-12-07,1370
,,,,,,,,,,,,,,65.48,1114,2023-10-17,1369
,,,,,,,,,,,,,,78.12,1114,2021-02-03,1368
,,,,,,,,,,,,,,77.95,1113,2021-02-05,1367
,,,,,,,,,,,,,,77.97,1113,2022-12-28,1362
,,,,,,,,,,,,,,64.2,1113,2024-12-09,1361
,,,,,,,,,,,,,,68.44,1113,2024-12-08,1357
,,,,,,,,,,,,,,72.61,1112,2015-12-06,1355
,,,,,,,,,,,,,,69.45,1112,2015-12-07,1355
,,,,,,,,,,,,,,68.41,1112,2012-11-20,1353
,,,,,,,,,,,,,,71.17,1112,2017-10-21,1353
,,,,,,,,,,,,,,68.84,1112,2021-02-06,1350
,,,,,,,,,,,,,,78.06,1112,2012-11-19,1348
,,,,,,,,,,,,,,66.51,1112,2017-12-03,1346
,,,,,,,,,,,,,,66.54,1112,2022-12-25,1339
,,,,,,,,,,,,,,74.74,1111,2024-09-09,1338
,,,,,,,,,,,,,,64.68,1111,2017-10-20,1333
,,,,,,,,,,,,,,73.85,1111,2012-11-13,1326
,,,,,,,,,,,,,,68.58,1111,2012-11-18,1324
,,,,,,,,,,,,,,71.06,1111,2017-12-04,1324
,,,,,,,,,,,,,,66.46,1111,2022-12-27,1322
,,,,,,,,,,,,,,64.65,1110,2021-02-07,1322
,,,,,,,,,,,,,,71.72,1110,2012-11-16,1320
,,,,,,,,,,,,,,71.81,1110,2020-10-13,1320
,,,,,,,,,,,,,,78.36,1110,2024-09-08,1318
,,,,,,,,,,,,,,70.22,1109,2022-07-26,1318
,,,,,,,,,,,,,,67.92,1109,2022-02-09,1318
,,,,,,,,,,,,,,77.87,1109,2012-11-17,1316
,,,,,,,,,,,,,,71.78,1109,2012-11-12,1308
,,,,,,,,,,,,,,64.57,1108,2022-09-04,1307
,,,,,,,,,,,,,,68.33,1108,2017-10-18,1301
,,,,,,,,,,,,,,68.67,1108,2024-09-06,1299
